N,LEU,N-LEU,
CA,LEU,CA-LEU,
C,LEU,C-LEU,
O,LEU,O-LEU,
CB,LEU,CB-LEU,
CG,LEU,CG-LEU,
CD1,LEU,CD1-LEU,
CD2,LEU,CD2-LEU,
H,LEU,H-LEU,
HA,LEU,HA-LEU,
HB2,LEU,HB2-LEU,
HB3,LEU,HB3-LEU,
HG,LEU,HG-LEU,
HD11,LEU,HD11-LEU,
HD12,LEU,HD12-LEU,
HD13,LEU,HD13-LEU,
HD21,LEU,HD21-LEU,
HD22,LEU,HD22-LEU,
HD23,LEU,HD23-LEU,
OXT,LEU,OXT-LEU,
N,ASN,N-ASN,
CA,ASN,CA-ASN,
C,ASN,C-ASN,
O,ASN,O-ASN,
CB,ASN,CB-ASN,
CG,ASN,CG-ASN,
OD1,ASN,OD1-ASN,
ND2,ASN,ND2-ASN,
H,ASN,H-ASN,
HA,ASN,HA-ASN,
HB2,ASN,HB2-ASN,
HB3,ASN,HB3-ASN,
HD21,ASN,HD21-ASN,
HD22,ASN,HD22-ASN,
OXT,ASN,OXT-ASN,
H1,ASN,H1-ASN,
H2,ASN,H2-ASN,
H3,ASN,H3-ASN,
N,SER,N-SER,
CA,SER,CA-SER,
C,SER,C-SER,
O,SER,O-SER,
CB,SER,CB-SER,
OG,SER,OG-SER,
OXT,SER,OXT-SER,
H,SER,H-SER,
HA,SER,HA-SER,
HB2,SER,HB2-SER,
HB3,SER,HB3-SER,
HG,SER,HG-SER,
H1,SER,H1-SER,
H2,SER,H2-SER,
H3,SER,H3-SER,
N,PRO,N-PRO,
CA,PRO,CA-PRO,
C,PRO,C-PRO,
O,PRO,O-PRO,
CB,PRO,CB-PRO,
CG,PRO,CG-PRO,
CD,PRO,CD-PRO,
HA,PRO,HA-PRO,
HB2,PRO,HB2-PRO,
HB3,PRO,HB3-PRO,
HG2,PRO,HG2-PRO,
HG3,PRO,HG3-PRO,
HD2,PRO,HD2-PRO,
HD3,PRO,HD3-PRO,
OXT,PRO,OXT-PRO,
H,PRO,H-PRO,
H3,PRO,H3-PRO,
N,GLU,N-GLU,
CA,GLU,CA-GLU,
C,GLU,C-GLU,
O,GLU,O-GLU,
CB,GLU,CB-GLU,
CG,GLU,CG-GLU,
CD,GLU,CD-GLU,
OE1,GLU,OE1-GLU,
OE2,GLU,OE2-GLU,
OXT,GLU,OXT-GLU,
H,GLU,H-GLU,
HA,GLU,HA-GLU,
HB2,GLU,HB2-GLU,
HB3,GLU,HB3-GLU,
HG2,GLU,HG2-GLU,
HG3,GLU,HG3-GLU,
H1,GLU,H1-GLU,
HE2,GLU,HE2-GLU,
N,ARG,N-ARG,
CA,ARG,CA-ARG,
C,ARG,C-ARG,
O,ARG,O-ARG,
CB,ARG,CB-ARG,
CG,ARG,CG-ARG,
CD,ARG,CD-ARG,
NE,ARG,NE-ARG,
CZ,ARG,CZ-ARG,
NH1,ARG,NH1-ARG,
NH2,ARG,NH2-ARG,
OXT,ARG,OXT-ARG,
H,ARG,H-ARG,
HA,ARG,HA-ARG,
HB2,ARG,HB2-ARG,
HB3,ARG,HB3-ARG,
HG2,ARG,HG2-ARG,
HG3,ARG,HG3-ARG,
HD2,ARG,HD2-ARG,
HD3,ARG,HD3-ARG,
HE,ARG,HE-ARG,
HH11,ARG,HH11-ARG,
HH12,ARG,HH12-ARG,
HH21,ARG,HH21-ARG,
HH22,ARG,HH22-ARG,
N,LYS,N-LYS,
CA,LYS,CA-LYS,
C,LYS,C-LYS,
O,LYS,O-LYS,
CB,LYS,CB-LYS,
CG,LYS,CG-LYS,
CD,LYS,CD-LYS,
CE,LYS,CE-LYS,
NZ,LYS,NZ-LYS,
OXT,LYS,OXT-LYS,
H,LYS,H-LYS,
HA,LYS,HA-LYS,
HB2,LYS,HB2-LYS,
HB3,LYS,HB3-LYS,
HG2,LYS,HG2-LYS,
HG3,LYS,HG3-LYS,
HD2,LYS,HD2-LYS,
HD3,LYS,HD3-LYS,
HE2,LYS,HE2-LYS,
HE3,LYS,HE3-LYS,
HZ1,LYS,HZ1-LYS,
HZ2,LYS,HZ2-LYS,
HZ3,LYS,HZ3-LYS,
H1,LYS,H1-LYS,
H2,LYS,H2-LYS,
H3,LYS,H3-LYS,
N,ILE,N-ILE,
CA,ILE,CA-ILE,
C,ILE,C-ILE,
O,ILE,O-ILE,
CB,ILE,CB-ILE,
CG1,ILE,CG1-ILE,
CG2,ILE,CG2-ILE,
CD1,ILE,CD1-ILE,
OXT,ILE,OXT-ILE,
H,ILE,H-ILE,
HA,ILE,HA-ILE,
HB,ILE,HB-ILE,
HG12,ILE,HG12-ILE,
HG13,ILE,HG13-ILE,
HG21,ILE,HG21-ILE,
HG22,ILE,HG22-ILE,
HG23,ILE,HG23-ILE,
HD11,ILE,HD11-ILE,
HD12,ILE,HD12-ILE,
HD13,ILE,HD13-ILE,
N,GLN,N-GLN,
CA,GLN,CA-GLN,
C,GLN,C-GLN,
O,GLN,O-GLN,
CB,GLN,CB-GLN,
CG,GLN,CG-GLN,
CD,GLN,CD-GLN,
OE1,GLN,OE1-GLN,
NE2,GLN,NE2-GLN,
OXT,GLN,OXT-GLN,
H,GLN,H-GLN,
HA,GLN,HA-GLN,
HB2,GLN,HB2-GLN,
HB3,GLN,HB3-GLN,
HG2,GLN,HG2-GLN,
HG3,GLN,HG3-GLN,
HE21,GLN,HE21-GLN,
HE22,GLN,HE22-GLN,
N,TYR,N-TYR,
CA,TYR,CA-TYR,
C,TYR,C-TYR,
O,TYR,O-TYR,
CB,TYR,CB-TYR,
CG,TYR,CG-TYR,
CD1,TYR,CD1-TYR,
CD2,TYR,CD2-TYR,
CE1,TYR,CE1-TYR,
CE2,TYR,CE2-TYR,
CZ,TYR,CZ-TYR,
OH,TYR,OH-TYR,
H,TYR,H-TYR,
HA,TYR,HA-TYR,
HB2,TYR,HB2-TYR,
HB3,TYR,HB3-TYR,
HD1,TYR,HD1-TYR,
HD2,TYR,HD2-TYR,
HE1,TYR,HE1-TYR,
HE2,TYR,HE2-TYR,
HH,TYR,HH-TYR,
OXT,TYR,OXT-TYR,
N,GLY,N-GLY,
CA,GLY,CA-GLY,
C,GLY,C-GLY,
O,GLY,O-GLY,
OXT,GLY,OXT-GLY,
H,GLY,H-GLY,
HA2,GLY,HA2-GLY,
HA3,GLY,HA3-GLY,
H1,GLY,H1-GLY,
H2,GLY,H2-GLY,
H3,GLY,H3-GLY,
N,ALA,N-ALA,
CA,ALA,CA-ALA,
C,ALA,C-ALA,
O,ALA,O-ALA,
CB,ALA,CB-ALA,
H,ALA,H-ALA,
HA,ALA,HA-ALA,
HB1,ALA,HB1-ALA,
HB2,ALA,HB2-ALA,
HB3,ALA,HB3-ALA,
OXT,ALA,OXT-ALA,
H1,ALA,H1-ALA,
H2,ALA,H2-ALA,
H3,ALA,H3-ALA,
HXT,ALA,HXT-ALA,
N,THR,N-THR,
CA,THR,CA-THR,
C,THR,C-THR,
O,THR,O-THR,
CB,THR,CB-THR,
OG1,THR,OG1-THR,
CG2,THR,CG2-THR,
H,THR,H-THR,
HA,THR,HA-THR,
HB,THR,HB-THR,
HG1,THR,HG1-THR,
HG21,THR,HG21-THR,
HG22,THR,HG22-THR,
HG23,THR,HG23-THR,
OXT,THR,OXT-THR,
H1,THR,H1-THR,
H2,THR,H2-THR,
H3,THR,H3-THR,
N,PHE,N-PHE,
CA,PHE,CA-PHE,
C,PHE,C-PHE,
O,PHE,O-PHE,
CB,PHE,CB-PHE,
CG,PHE,CG-PHE,
CD1,PHE,CD1-PHE,
CD2,PHE,CD2-PHE,
CE1,PHE,CE1-PHE,
CE2,PHE,CE2-PHE,
CZ,PHE,CZ-PHE,
H,PHE,H-PHE,
HA,PHE,HA-PHE,
HB2,PHE,HB2-PHE,
HB3,PHE,HB3-PHE,
HD1,PHE,HD1-PHE,
HD2,PHE,HD2-PHE,
HE1,PHE,HE1-PHE,
HE2,PHE,HE2-PHE,
HZ,PHE,HZ-PHE,
OXT,PHE,OXT-PHE,
N,ASP,N-ASP,
CA,ASP,CA-ASP,
C,ASP,C-ASP,
O,ASP,O-ASP,
CB,ASP,CB-ASP,
CG,ASP,CG-ASP,
OD1,ASP,OD1-ASP,
OD2,ASP,OD2-ASP,
H,ASP,H-ASP,
HA,ASP,HA-ASP,
HB2,ASP,HB2-ASP,
HB3,ASP,HB3-ASP,
OXT,ASP,OXT-ASP,
H1,ASP,H1-ASP,
HD2,ASP,HD2-ASP,
N,CYS,N-CYS,
CA,CYS,CA-CYS,
C,CYS,C-CYS,
O,CYS,O-CYS,
CB,CYS,CB-CYS,
SG,CYS,SG-CYS,
H,CYS,H-CYS,
HA,CYS,HA-CYS,
HB2,CYS,HB2-CYS,
HB3,CYS,HB3-CYS,
HG,CYS,HG-CYS,
OXT,CYS,OXT-CYS,
N,HIS,N-HIS,
CA,HIS,CA-HIS,
C,HIS,C-HIS,
O,HIS,O-HIS,
CB,HIS,CB-HIS,
CG,HIS,CG-HIS,
ND1,HIS,ND1-HIS,
CD2,HIS,CD2-HIS,
CE1,HIS,CE1-HIS,
NE2,HIS,NE2-HIS,
H1,HIS,H1-HIS,
H2,HIS,H2-HIS,
H3,HIS,H3-HIS,
HA,HIS,HA-HIS,
HB2,HIS,HB2-HIS,
HB3,HIS,HB3-HIS,
HD2,HIS,HD2-HIS,
HE1,HIS,HE1-HIS,
HE2,HIS,HE2-HIS,
H,HIS,H-HIS,
HD1,HIS,HD1-HIS,
OXT,HIS,OXT-HIS,
N,VAL,N-VAL,
CA,VAL,CA-VAL,
C,VAL,C-VAL,
O,VAL,O-VAL,
CB,VAL,CB-VAL,
CG1,VAL,CG1-VAL,
CG2,VAL,CG2-VAL,
H,VAL,H-VAL,
HA,VAL,HA-VAL,
HB,VAL,HB-VAL,
HG11,VAL,HG11-VAL,
HG12,VAL,HG12-VAL,
HG13,VAL,HG13-VAL,
HG21,VAL,HG21-VAL,
HG22,VAL,HG22-VAL,
HG23,VAL,HG23-VAL,
OXT,VAL,OXT-VAL,
H1,VAL,H1-VAL,
H2,VAL,H2-VAL,
H3,VAL,H3-VAL,
N,MET,N-MET,
CA,MET,CA-MET,
C,MET,C-MET,
O,MET,O-MET,
CB,MET,CB-MET,
CG,MET,CG-MET,
SD,MET,SD-MET,
CE,MET,CE-MET,
H,MET,H-MET,
HA,MET,HA-MET,
HB2,MET,HB2-MET,
HB3,MET,HB3-MET,
HG2,MET,HG2-MET,
HG3,MET,HG3-MET,
HE1,MET,HE1-MET,
HE2,MET,HE2-MET,
HE3,MET,HE3-MET,
H1,MET,H1-MET,
H2,MET,H2-MET,
H3,MET,H3-MET,
OXT,MET,OXT-MET,
N,TRP,N-TRP,
CA,TRP,CA-TRP,
C,TRP,C-TRP,
O,TRP,O-TRP,
CB,TRP,CB-TRP,
CG,TRP,CG-TRP,
CD1,TRP,CD1-TRP,
CD2,TRP,CD2-TRP,
NE1,TRP,NE1-TRP,
CE2,TRP,CE2-TRP,
CE3,TRP,CE3-TRP,
CZ2,TRP,CZ2-TRP,
CZ3,TRP,CZ3-TRP,
CH2,TRP,CH2-TRP,
H,TRP,H-TRP,
HA,TRP,HA-TRP,
HB2,TRP,HB2-TRP,
HB3,TRP,HB3-TRP,
HD1,TRP,HD1-TRP,
HE1,TRP,HE1-TRP,
HE3,TRP,HE3-TRP,
HZ2,TRP,HZ2-TRP,
HZ3,TRP,HZ3-TRP,
HH2,TRP,HH2-TRP,
OXT,TRP,OXT-TRP,
LI,LI,MTL,
NA,NA,MTL,
K,K,MTL,
RB,RB,MTL,
BE,BE,MTL,
MG,MG,MTL,
CA,CA,MTL,
SR,SR,MTL,
BA,BA,MTL,
TI,TI,MTL,
V,V,MTL,
CR,CR,MTL,
MN,MN,MTL,
ME,ME,MTL,
FE,FE,MTL,
CO,CO,MTL,
RH,RH,MTL,
IR,IR,MTL,
NI,NI,MTL,
PD,PD,MTL,
PT,PT,MTL,
CU,CU,MTL,
AG,AG,MTL,
AU,AU,MTL,
ZN,ZN,MTL,
CD,CD,MTL,
HG,HG,MTL,
AL,AL,MTL,
GA,GA,MTL,
IN,IN,MTL,
SN,SN,MTL,
TI,TI,MTL,
PB,PB,MTL,
BI,BI,MTL,
PO,PO,MTL,
MO,MO,MTL,
B,B,SMT,
SI,SI,SMT,
GE,GE,SMT,
AS,AS,SMT,
SE,SE,SMT,
SB,SB,SMT,
TE,TE,SMT,
BR,BR,HAL,
CL,CL,HAL,
F,F,HAL,
I,I,HAL,
O,HOH,H2O,
H,H,HYD
