CA,ALA,C3P,
CB,ALA,C3N,
N,ALA,NCP,
C,ALA,CCP,
O,ALA,OCE,
OXT,ALA,OCC,
H,ALA,HYD,
HG1,ALA,HYD,
HA,ALA,HYD,
HB1,ALA,HYD,
HB2,ALA,HYD,
HB3,ALA,HYD,
CA,CYS,C3P,
CB,CYS,C3N,
SG,CYS,S3N,
N,CYS,NCP,
C,CYS,CCP,
O,CYS,OCE,
OXT,CYS,OCC,
H,CYS,HYD,
HG1,CYS,HYD,
CA,ASP,C3P,
CB,ASP,C3N,
CG,ASP,C2P,
OD1,ASP,OCC,
OD2,ASP,OCC,
N,ASP,NCP,
C,ASP,CCP,
O,ASP,OCE,
OXT,ASP,OCC,
H,ASP,HYD,
HG1,ASP,HYD,
HA,ASP,HYD,
HB2,ASP,HYD,
HB3,ASP,HYD,
CA,GLU,C3P,
CB,GLU,C3N,
CG,GLU,C3N,
CD,GLU,C2P,
OE1,GLU,OCC,
OE2,GLU,OCC,
N,GLU,NCP,
C,GLU,CCP,
O,GLU,OCE,
OXT,GLU,OCC,
H,GLU,HYD,
HG1,GLU,HYD,
HA,GLU,HYD,
HB2,GLU,HYD,
HB3,GLU,HYD,
HG2,GLU,HYD,
HG3,GLU,HYD,
CA,PHE,C3P,
CB,PHE,C3N,
CG,PHE,CRN,
CD1,PHE,CRN,
CD2,PHE,CRN,
CE1,PHE,CRN,
CE2,PHE,CRN,
CZ,PHE,CRN,
N,PHE,NCP,
C,PHE,CCP,
O,PHE,OCE,
OXT,PHE,OCC,
H,PHE,HYD,
HG1,PHE,HYD,
HA,PHE,HYD,
HB2,PHE,HYD,
HB3,PHE,HYD,
HD1,PHE,HYD,
HD2,PHE,HYD,
HE1,PHE,HYD,
HE2,PHE,HYD,
HZ,PHE,HYD,
CA,GLY,C3P,
N,GLY,NCP,
C,GLY,CCP,
O,GLY,OCE,
OXT,GLY,OCC,
H,GLY,HYD,
HG1,GLY,HYD,
HA2,GLY,HYD,
HA3,GLY,HYD,
CA,HIS,C3P,
CB,HIS,C3N,
CG,HIS,CRP,
ND1,HIS,NRV,
CD2,HIS,CRP,
CE1,HIS,CRP,
NE2,HIS,NRV,
N,HIS,NCP,
C,HIS,CCP,
O,HIS,OCE,
OXT,HIS,OCC,
H,HIS,HYD,
HG1,HIS,HYD,
HD1,HIS,HYD,
HE2,HIS,HYD,
H1,HIS,HYD,
H2,HIS,HYD,
H3,HIS,HYD,
HA,HIS,HYD,
HB2,HIS,HYD,
HB3,HIS,HYD,
HD2,HIS,HYD,
HE1,HIS,HYD,
CA,ILE,C3P,
CB,ILE,C3N,
CG1,ILE,C3N,
CG2,ILE,C3N,
CD1,ILE,C3N,
N,ILE,NCP,
C,ILE,CCP,
O,ILE,OCE,
OXT,ILE,OCC,
H,ILE,HYD,
HG1,ILE,HYD,
HA,ILE,HYD,
HB,ILE,HYD,
HG12,ILE,HYD,
HG13,ILE,HYD,
HG21,ILE,HYD,
HG22,ILE,HYD,
HG23,ILE,HYD,
HD11,ILE,HYD,
HD12,ILE,HYD,
HD13,ILE,HYD,
CA,LYS,C3P,
CB,LYS,C3N,
CG,LYS,C3N,
CD,LYS,C3N,
CE,LYS,C3P,
NZ,LYS,N3C,
N,LYS,NCP,
C,LYS,CCP,
O,LYS,OCE,
OXT,LYS,OCC,
H,LYS,HYD,
HG1,LYS,HYD,
HZ1,LYS,HYD,
HZ2,LYS,HYD,
HZ3,LYS,HYD,
HA,LYS,HYD,
HB2,LYS,HYD,
HB3,LYS,HYD,
HG2,LYS,HYD,
HG3,LYS,HYD,
HD2,LYS,HYD,
HD3,LYS,HYD,
HE2,LYS,HYD,
HE3,LYS,HYD,
CA,LEU,C3P,
CB,LEU,C3N,
CG,LEU,C3N,
CD1,LEU,C3N,
CD2,LEU,C3N,
N,LEU,NCP,
C,LEU,CCP,
O,LEU,OCE,
OXT,LEU,OCC,
H,LEU,HYD,
HG1,LEU,HYD,
HA,LEU,HYD,
HB2,LEU,HYD,
HB3,LEU,HYD,
HD11,LEU,HYD,
HD12,LEU,HYD,
HD13,LEU,HYD,
HD21,LEU,HYD,
HD22,LEU,HYD,
HD23,LEU,HYD,
CA,MET,C3P,
CB,MET,C3N,
CG,MET,C3N,
CE,MET,C3N,
SD,MET,S3N,
N,MET,NCP,
C,MET,CCP,
O,MET,OCE,
OXT,MET,OCC,
H,MET,HYD,
HG1,MET,HYD,
HA,MET,HYD,
HB2,MET,HYD,
HB3,MET,HYD,
HG2,MET,HYD,
HG3,MET,HYD,
HE1,MET,HYD,
HE2,MET,HYD,
HE3,MET,HYD,
CA,ASN,C3P,
CB,ASN,C3N,
CG,ASN,C2P,
OD1,ASN,OCE,
ND2,ASN,NCP,
N,ASN,NCP,
C,ASN,CCP,
O,ASN,OCE,
OXT,ASN,OCC,
H,ASN,HYD,
HG1,ASN,HYD,
HD21,ASN,HYD,
HD22,ASN,HYD,
HA,ASN,HYD,
HB2,ASN,HYD,
HB3,ASN,HYD,
N,PRO,NCP,
CA,PRO,C3P,
CB,PRO,C3N,
CG,PRO,C3N,
CD,PRO,C3P,
C,PRO,CCP,
O,PRO,OCE,
OXT,PRO,OCC,
H,PRO,HYD,
HG1,PRO,HYD,
HA,PRO,HYD,
HB2,PRO,HYD,
HB3,PRO,HYD,
HG2,PRO,HYD,
HG3,PRO,HYD,
HD2,PRO,HYD,
HD3,PRO,HYD,
CA,GLN,C3P,
CB,GLN,C3N,
CG,GLN,C3N,
CD,GLN,C2P,
OE1,GLN,OCE,
NE2,GLN,NCP,
N,GLN,NCP,
C,GLN,CCP,
O,GLN,OCE,
OXT,GLN,OCC,
H,GLN,HYD,
HG1,GLN,HYD,
HE21,GLN,HYD,
HE22,GLN,HYD,
HA,GLN,HYD,
HB2,GLN,HYD,
HB3,GLN,HYD,
HG2,GLN,HYD,
HG3,GLN,HYD,
CA,ARG,C3P,
CB,ARG,C3N,
CG,ARG,C3N,
CD,ARG,C3P,
NE,ARG,NCC,
CZ,ARG,CCP,
NH1,ARG,NCC,
NH2,ARG,NCC,
N,ARG,NCP,
C,ARG,CCP,
O,ARG,OCE,
OXT,ARG,OCC,
H,ARG,HYD,
HG1,ARG,HYD,
HE,ARG,HYD,
HH11,ARG,HYD,
HH12,ARG,HYD,
HH21,ARG,HYD,
HH22,ARG,HYD,
HA,ARG,HYD,
HB2,ARG,HYD,
HB3,ARG,HYD,
HG2,ARG,HYD,
HG3,ARG,HYD,
HD2,ARG,HYD,
HD3,ARG,HYD,
CA,SER,C3P,
CB,SER,C3P,
OG,SER,O3E,
N,SER,NCP,
C,SER,CCP,
O,SER,OCE,
OXT,SER,OCC,
H,SER,HYD,
HG1,SER,HYD,
HA,SER,HYD,
HB2,SER,HYD,
HB3,SER,HYD,
CA,THR,C3P,
CB,THR,C3P,
OG1,THR,O3E,
CG2,THR,C3N,
N,THR,NCP,
C,THR,CCP,
O,THR,OCE,
OXT,THR,OCC,
H,THR,HYD,
HG1,THR,HYD,
HA,THR,HYD,
HB,THR,HYD,
HG21,THR,HYD,
HG22,THR,HYD,
HG23,THR,HYD,
CA,VAL,C3P,
CB,VAL,C3N,
CG1,VAL,C3N,
CG2,VAL,C3N,
N,VAL,NCP,
C,VAL,CCP,
O,VAL,OCE,
OXT,VAL,OCC,
H,VAL,HYD,
HG1,VAL,HYD,
HA,VAL,HYD,
HB,VAL,HYD,
HG11,VAL,HYD,
HG12,VAL,HYD,
HG13,VAL,HYD,
HG21,VAL,HYD,
HG22,VAL,HYD,
HG23,VAL,HYD,
CA,TRP,C3P,
CB,TRP,C3N,
CG,TRP,CRN,
CD1,TRP,CRP,
CD2,TRP,CRN,
NE1,TRP,NRE,
CE2,TRP,CRP,
CE3,TRP,CRN,
CZ2,TRP,CRN,
CZ3,TRP,CRN,
CH2,TRP,CRN,
N,TRP,NCP,
C,TRP,CCP,
O,TRP,OCE,
OXT,TRP,OCC,
H,TRP,HYD,
HG1,TRP,HYD,
HE1,TRP,HYD,
HA,TRP,HYD,
HB2,TRP,HYD,
HB3,TRP,HYD,
HD1,TRP,HYD,
HE3,TRP,HYD,
HZ2,TRP,HYD,
HZ3,TRP,HYD,
HH2,TRP,HYD,
CA,TYR,C3P,
CB,TYR,C3N,
CG,TYR,CRN,
CD1,TYR,CRN,
CD2,TYR,CRN,
CE1,TYR,CRN,
CE2,TYR,CRN,
CZ,TYR,CRP,
OH,TYR,O3E,
N,TYR,NCP,
C,TYR,CCP,
O,TYR,OCE,
OXT,TYR,OCC,
H,TYR,HYD,
HG1,TYR,HYD,
HH,TYR,HYD,
HA,TYR,HYD,
HB2,TYR,HYD,
HB3,TYR,HYD,
HD1,TYR,HYD,
HD2,TYR,HYD,
HE1,TYR,HYD,
HE2,TYR,HYD,
PG,ATP,PHO,
O1G,ATP,O2E,
O2G,ATP,O3E,
O3G,ATP,O3E,
O1B,ATP,O2E,
O2B,ATP,O3E,
O3B,ATP,O2E,
PA,ATP,PHO,
O1A,ATP,O2E,
O2A,ATP,O3E,
O3A,ATP,O2E,
O5',ATP,O2E,
C5',ATP,C3N,
C4',ATP,C2P,
O4',ATP,O2E,
C3',ATP,C2P,
O3',ATP,O3E,
C2',ATP,C2P,
C1',ATP,C2P,
N9,ATP,N3C,
C8,ATP,C2P,
N7,ATP,N3C,
C5,ATP,C3N,
C6,ATP,C3N,
N6,ATP,N3C,
N1,ATP,NCC,
C2,ATP,C2P,
N3,ATP,NCC,
C4,ATP,C3N,
C1,EDO,C2P,
C2,EDO,C2P,
O1,EDO,O2E,
O2,EDO,O2E,
C1,GOL,C2P,
C2,GOL,C3P,
C3,GOL,C2P,
O1,GOL,O2E,
O2,GOL,O2E,
O3,GOL,O2E,
C1,PGE,C3N,
C2,PGE,C3N,
C3,PGE,C3N,
C4,PGE,C3N,
C5,PGE,C3N,
C6,PGE,C3N,
O1,PGE,O2E,
O2,PGE,O2E,
O3,PGE,O2E,
O4,PGE,O2E,
PA,NAP,PHO,
O1A,NAP,OLE,
O2A,NAP,O3E,
O5B,NAP,O2E,
C5B,NAP,C3N,
C4B,NAP,C3N,
O4B,NAP,O2E,
C3B,NAP,C3N,
O3B,NAP,O2E,
LI,LI,MTL,
NA,NA,MTL,
K,K,MTL,
RB,RB,MTL,
BE,BE,MTL,
MG,MG,MTL,
CA,CA,MTL,
SR,SR,MTL,
BA,BA,MTL,
TI,TI,MTL,
V,V,MTL,
CR,CR,MTL,
MN,MN,MTL,
ME,ME,MTL,
FE,FE,MTL,
CO,CO,MTL,
RH,RH,MTL,
IR,IR,MTL,
NI,NI,MTL,
PD,PD,MTL,
PT,PT,MTL,
CU,CU,MTL,
AG,AG,MTL,
AU,AU,MTL,
ZN,ZN,MTL,
CD,CD,MTL,
HG,HG,MTL,
AL,AL,MTL,
GA,GA,MTL,
IN,IN,MTL,
SN,SN,MTL,
TI,TI,MTL,
PB,PB,MTL,
BI,BI,MTL,
PO,PO,MTL,
MO,MO,MTL,
YB,YB,MTL,
B,B,SMT,
SI,SI,SMT,
GE,GE,SMT,
AS,AS,SMT,
SE,SE,SMT,
SB,SB,SMT,
TE,TE,SMT,
BR,BR,HAL,
CL,CL,HAL,
F,F,HAL,
I,I,HAL,
O,HOH,H2O,
H,H,HYD,
HE1,MSE,IGR,
HE2,MSE,IGR,
HE3,MSE,IGR,
CE,MSE,IGR,
SE,MSE,IGR,
CG,MSE,IGR,
HG3,MSE,IGR,
HG2,MSE,IGR,
HB3,MSE,IGR,
HB2,MSE,IGR,
H,MSE,IGR,
HN2,MSE,IGR,
CB,MSE,IGR,
CA,MSE,IGR,
C,MSE,IGR,
OXT,MSE,IGR,
O,MSE,IGR,
N,MSE,IGR,
O2,1FZ,IGR,
O4,1FZ,IGR,
C4,1FZ,IGR,
C5,1FZ,IGR,
C6,1FZ,IGR,
N1,1FZ,IGR,
C2,1FZ,IGR,
N3,1FZ,IGR,
C5M,1FZ,IGR,
C1',1FZ,IGR,
C2',1FZ,IGR,
O4',1FZ,IGR,
C4',1FZ,IGR,
C3',1FZ,IGR,
O3',1FZ,IGR,
C5',1FZ,IGR,
O5',1FZ,IGR,
PA,1FZ,IGR,
O1A,1FZ,IGR,
O2A,1FZ,IGR,
N3A,1FZ,IGR,
PB,1FZ,IGR,
O1B,1FZ,IGR,
O2B,1FZ,IGR,
O3B,1FZ,IGR,
PG,1FZ,IGR,
O3G,1FZ,IGR,
O2G,1FZ,IGR,
O1G,1FZ,IGR,
O4,BRU,IGR,
BR,BRU,IGR,
O2,BRU,IGR,
C4,BRU,IGR,
N3,BRU,IGR,
C5,BRU,IGR,
C6,BRU,IGR,
C2,BRU,IGR,
N1,BRU,IGR,
C1',BRU,IGR,
C2',BRU,IGR,
O4',BRU,IGR,
C4',BRU,IGR,
C3',BRU,IGR,
O3',BRU,IGR,
C5',BRU,IGR,
O5',BRU,IGR,
P,BRU,IGR,
OP2,BRU,IGR,
OP1,BRU,IGR,
OP3,BRU,IGR,
CE,MET,IGR,
SE,MET,IGR,
CG,MET,IGR,
CB,MET,IGR,
CA,MET,IGR,
N,MET,IGR,
C,MET,IGR,
OXT,MET,IGR,
O,MET,IGR,
O,SAH,IGR,
C,SAH,IGR,
OXT,SAH,IGR,
CA,SAH,IGR,
N,SAH,IGR,
CB,SAH,IGR,
CG,SAH,IGR,
SD,SAH,IGR,
C5',SAH,IGR,
C4',SAH,IGR,
O4',SAH,IGR,
C3',SAH,IGR,
O3',SAH,IGR,
O2',SAH,IGR,
C2',SAH,IGR,
C1',SAH,IGR,
N9,SAH,IGR,
C8,SAH,IGR,
N7,SAH,IGR,
C4,SAH,IGR,
C5,SAH,IGR,
N3,SAH,IGR,
C2,SAH,IGR,
N1,SAH,IGR,
C6,SAH,IGR,
N6,SAH,IGR,
O3G,DZ4,IGR,
O2G,DZ4,IGR,
PG,DZ4,IGR,
O1G,DZ4,IGR,
O3B,DZ4,IGR,
O2B,DZ4,IGR,
PB,DZ4,IGR,
O1B,DZ4,IGR,
N3A,DZ4,IGR,
PA,DZ4,IGR,
O2A,DZ4,IGR,
O1A,DZ4,IGR,
O5',DZ4,IGR,
C5',DZ4,IGR,
C4',DZ4,IGR,
C3',DZ4,IGR,
O3',DZ4,IGR,
O4',DZ4,IGR,
C2',DZ4,IGR,
C1',DZ4,IGR,
N9,DZ4,IGR,
C8,DZ4,IGR,
N7,DZ4,IGR,
C5,DZ4,IGR,
C4,DZ4,IGR,
N3,DZ4,IGR,
C2,DZ4,IGR,
N1,DZ4,IGR,
C6,DZ4,IGR,
N6,DZ4,IGR,
O1,TRS,IGR,
C1,TRS,IGR,
N,TRS,IGR,
C,TRS,IGR,
C2,TRS,IGR,
O2,TRS,IGR,
C3,TRS,IGR,
O3,TRS,IGR,
S,SO4,IGR,
O3,SO4,IGR,
O1,SO4,IGR,
O2,SO4,IGR,
O4,SO4,IGR,
O6,SUC,IGR,
C6,SUC,IGR,
O4,SUC,IGR,
O3,SUC,IGR,
C5,SUC,IGR,
C4,SUC,IGR,
C3,SUC,IGR,
O5,SUC,IGR,
C2,SUC,IGR,
O2,SUC,IGR,
C1,SUC,IGR,
O1,SUC,IGR,
C2',SUC,IGR,
C1',SUC,IGR,
O1',SUC,IGR,
C3',SUC,IGR,
O3',SUC,IGR,
O2',SUC,IGR,
C4',SUC,IGR,
C5',SUC,IGR,
O4',SUC,IGR,
C6',SUC,IGR,
O6',SUC,IGR,
O2G,DGT,IGR,
O3G,DGT,IGR,
PG,DGT,IGR,
O1G,DGT,IGR,
O3B,DGT,IGR,
PB,DGT,IGR,
O1B,DGT,IGR,
O2B,DGT,IGR,
O3A,DGT,IGR,
O2A,DGT,IGR,
PA,DGT,IGR,
O1A,DGT,IGR,
O5',DGT,IGR,
C5',DGT,IGR,
C4',DGT,IGR,
C3',DGT,IGR,
O3',DGT,IGR,
O4',DGT,IGR,
C2',DGT,IGR,
C1',DGT,IGR,
N9,DGT,IGR,
C8,DGT,IGR,
N7,DGT,IGR,
C4,DGT,IGR,
C5,DGT,IGR,
N3,DGT,IGR,
C2,DGT,IGR,
N1,DGT,IGR,
C6,DGT,IGR,
O6,DGT,IGR,
N2,DGT,IGR,
O1G,AZT,IGR,
O2G,AZT,IGR,
O3G,AZT,IGR,
PG,AZT,IGR,
O3B,AZT,IGR,
PB,AZT,IGR,
O1B,AZT,IGR,
O2B,AZT,IGR,
O3A,AZT,IGR,
PA,AZT,IGR,
O1A,AZT,IGR,
O2A,AZT,IGR,
O5',AZT,IGR,
C5',AZT,IGR,
C4',AZT,IGR,
O4',AZT,IGR,
C1',AZT,IGR,
C2',AZT,IGR,
C3',AZT,IGR,
N3',AZT,IGR,
N4',AZT,IGR,
N5',AZT,IGR,
N1,AZT,IGR,
C6,AZT,IGR,
C5,AZT,IGR,
C4,AZT,IGR,
N3,AZT,IGR,
C2,AZT,IGR,
O2,AZT,IGR,
C5A,AZT,IGR,
O4,AZT,IGR,
OD,CSO,IGR,
SG,CSO,IGR,
CB,CSO,IGR,
CA,CSO,IGR,
C,CSO,IGR,
O,CSO,IGR,
OXT,CSO,IGR,
N,CSO,IGR,
P,PO4,IGR,
O1,PO4,IGR,
O3,PO4,IGR,
O4,PO4,IGR,
O2,PO4,IGR,
PB,ADP,IGR,
N6,ADP,IGR,
C6,ADP,IGR,
N1,ADP,IGR,
C2,ADP,IGR,
N3,ADP,IGR,
C4,ADP,IGR,
C5,ADP,IGR,
N7,ADP,IGR,
C8,ADP,IGR,
N9,ADP,IGR,
C1',ADP,IGR,
O4',ADP,IGR,
C2',ADP,IGR,
O2',ADP,IGR,
C3',ADP,IGR,
O3',ADP,IGR,
C4',ADP,IGR,
C5',ADP,IGR,
O5',ADP,IGR,
PA,ADP,IGR,
O1A,ADP,IGR,
O2A,ADP,IGR,
O3A,ADP,IGR,
O2B,ADP,IGR,
O1B,ADP,IGR,
O3B,ADP,IGR,
YB,YB,IGR,
CM3,ML3,IGR,
CM2,ML3,IGR,
CM1,ML3,IGR,
NZ,ML3,IGR,
CE,ML3,IGR,
CD,ML3,IGR,
SG,ML3,IGR,
CB,ML3,IGR,
CA,ML3,IGR,
N,ML3,IGR,
C,ML3,IGR,
O,ML3,IGR,
OXT,ML3,IGR,
N6,DA,IGR,
C6,DA,IGR,
N1,DA,IGR,
C2,DA,IGR,
N3,DA,IGR,
C4,DA,IGR,
C5,DA,IGR,
N7,DA,IGR,
C8,DA,IGR,
N9,DA,IGR,
C1',DA,IGR,
C2',DA,IGR,
C3',DA,IGR,
O3',DA,IGR,
C4',DA,IGR,
O4',DA,IGR,
C5',DA,IGR,
O5',DA,IGR,
P,DA,IGR,
OP1,DA,IGR,
OP3,DA,IGR,
OP2,DA,IGR,
O1G,TPP,IGR,
O2G,TPP,IGR,
O3G,TPP,IGR,
PG,TPP,IGR,
O3B,TPP,IGR,
PB,TPP,IGR,
O2B,TPP,IGR,
O1B,TPP,IGR,
O3A,TPP,IGR,
PA,TPP,IGR,
O2A,TPP,IGR,
O1A,TPP,IGR,
O5',TPP,IGR,
C5',TPP,IGR,
C4',TPP,IGR,
C3',TPP,IGR,
O3',TPP,IGR,
C2',TPP,IGR,
C1',TPP,IGR,
O4',TPP,IGR,
N1,TPP,IGR,
C6,TPP,IGR,
C5,TPP,IGR,
C5M,TPP,IGR,
C4,TPP,IGR,
O4,TPP,IGR,
N3,TPP,IGR,
C2,TPP,IGR,
O2,TPP,IGR,
O6,XG4,IGR,
C6,XG4,IGR,
N1,XG4,IGR,
C2,XG4,IGR,
N2,XG4,IGR,
N3,XG4,IGR,
C4,XG4,IGR,
C5,XG4,IGR,
N7,XG4,IGR,
C8,XG4,IGR,
N9,XG4,IGR,
C1',XG4,IGR,
C2',XG4,IGR,
C3',XG4,IGR,
O3',XG4,IGR,
C4',XG4,IGR,
O4',XG4,IGR,
C5',XG4,IGR,
O5',XG4,IGR,
PA,XG4,IGR,
O1A,XG4,IGR,
O2A,XG4,IGR,
N3A,XG4,IGR,
PB,XG4,IGR,
O1B,XG4,IGR,
O2B,XG4,IGR,
O3B,XG4,IGR,
PG,XG4,IGR,
O2G,XG4,IGR,
O3G,XG4,IGR,
O1G,XG4,IGR,
O1G,TPP,IGR,
O3G,TPP,IGR,
O2G,TPP,IGR,
PG,TPP,IGR,
O3B,TPP,IGR,
PB,TPP,IGR,
O1B,TPP,IGR,
O2B,TPP,IGR,
O3A,TPP,IGR,
PA,TPP,IGR,
O2A,TPP,IGR,
O1A,TPP,IGR,
O5',TPP,IGR,
C5',TPP,IGR,
C4',TPP,IGR,
C3',TPP,IGR,
C2',TPP,IGR,
C1',TPP,IGR,
O4',TPP,IGR,
O3',TPP,IGR,
N1,TPP,IGR,
C2,TPP,IGR,
N3,TPP,IGR,
C4,TPP,IGR,
C5,TPP,IGR,
C6,TPP,IGR,
C5M,TPP,IGR,
O2,TPP,IGR,
O4,TPP,IGR,
N6A,NAP,IGR,
C6A,NAP,IGR,
N1A,NAP,IGR,
C2A,NAP,IGR,
N3A,NAP,IGR,
C4A,NAP,IGR,
C5A,NAP,IGR,
N7A,NAP,IGR,
C8A,NAP,IGR,
N9A,NAP,IGR,
C1B,NAP,IGR,
O4B,NAP,IGR,
C2B,NAP,IGR,
O2B,NAP,IGR,
O1X,NAP,IGR,
P2B,NAP,IGR,
O3X,NAP,IGR,
O2X,NAP,IGR,
C3B,NAP,IGR,
O3B,NAP,IGR,
C4B,NAP,IGR,
C5B,NAP,IGR,
O5B,NAP,IGR,
PA,NAP,IGR,
O1A,NAP,IGR,
O2A,NAP,IGR,
O3,NAP,IGR,
PN,NAP,IGR,
O1N,NAP,IGR,
O2N,NAP,IGR,
O5D,NAP,IGR,
C5D,NAP,IGR,
C4D,NAP,IGR,
C3D,NAP,IGR,
O3D,NAP,IGR,
O4D,NAP,IGR,
C1D,NAP,IGR,
C2D,NAP,IGR,
O2D,NAP,IGR,
N1N,NAP,IGR,
C6N,NAP,IGR,
C5N,NAP,IGR,
C4N,NAP,IGR,
C2N,NAP,IGR,
C3N,NAP,IGR,
C7N,NAP,IGR,
N7N,NAP,IGR,
O7N,NAP,IGR,
O,ACT,IGR,
C,ACT,IGR,
OXT,ACT,IGR,
CH3,ACT,IGR,
O1G,PTR,IGR,
PG,PTR,IGR,
O2G,PTR,IGR,
O3G,PTR,IGR,
PB,PTR,IGR,
O2B,PTR,IGR,
O1B,PTR,IGR,
O3A,PTR,IGR,
PA,PTR,IGR,
O2A,PTR,IGR,
O1A,PTR,IGR,
O5',PTR,IGR,
C5',PTR,IGR,
C4',PTR,IGR,
O4',PTR,IGR,
C3',PTR,IGR,
O3',PTR,IGR,
C2',PTR,IGR,
C1',PTR,IGR,
N1,PTR,IGR,
C2,PTR,IGR,
O2,PTR,IGR,
N3,PTR,IGR,
C4,PTR,IGR,
O4,PTR,IGR,
C5,PTR,IGR,
C5M,PTR,IGR,
C6,PTR,IGR,
C8,HPA,IGR,
N7,HPA,IGR,
N9,HPA,IGR,
C4,HPA,IGR,
C5,HPA,IGR,
N3,HPA,IGR,
C2,HPA,IGR,
N1,HPA,IGR,
C6,HPA,IGR,
O6,HPA,IGR,
O1,PGO,IGR,
C1,PGO,IGR,
C2,PGO,IGR,
C3,PGO,IGR,
O2,PGO,IGR,
O2G,ATP,IGR,
O1G,ATP,IGR,
O3G,ATP,IGR,
PG,ATP,IGR,
O3B,ATP,IGR,
PB,ATP,IGR,
O1B,ATP,IGR,
O2B,ATP,IGR,
O3A,ATP,IGR,
PA,ATP,IGR,
O2A,ATP,IGR,
O1A,ATP,IGR,
O5',ATP,IGR,
C5',ATP,IGR,
C4',ATP,IGR,
O4',ATP,IGR,
C1',ATP,IGR,
C3',ATP,IGR,
C2',ATP,IGR,
O3',ATP,IGR,
O2',ATP,IGR,
N9,ATP,IGR,
C8,ATP,IGR,
N7,ATP,IGR,
C5,ATP,IGR,
C4,ATP,IGR,
N3,ATP,IGR,
C2,ATP,IGR,
N1,ATP,IGR,
C6,ATP,IGR,
N6,ATP,IGR,
N4,DCP,IGR,
C4,DCP,IGR,
C5,DCP,IGR,
C6,DCP,IGR,
N1,DCP,IGR,
C2,DCP,IGR,
N3,DCP,IGR,
O2,DCP,IGR,
C1',DCP,IGR,
C2',DCP,IGR,
C3',DCP,IGR,
O3',DCP,IGR,
C4',DCP,IGR,
O4',DCP,IGR,
C5',DCP,IGR,
O5',DCP,IGR,
PA,DCP,IGR,
O1A,DCP,IGR,
O2A,DCP,IGR,
O3A,DCP,IGR,
PB,DCP,IGR,
O1B,DCP,IGR,
O2B,DCP,IGR,
O3B,DCP,IGR,
PG,DCP,IGR,
O1G,DCP,IGR,
O2G,DCP,IGR,
O3G,DCP,IGR,
I,IOD,IGR,
CE,MSE,IGR,
SE,MSE,IGR,
CG,MSE,IGR,
CB,MSE,IGR,
CA,MSE,IGR,
N,MSE,IGR,
C,MSE,IGR,
O,MSE,IGR,
OXT,MSE,IGR,
O,SAH,IGR,
OXT,SAH,IGR,
C,SAH,IGR,
CA,SAH,IGR,
N,SAH,IGR,
CB,SAH,IGR,
CG,SAH,IGR,
SD,SAH,IGR,
C5',SAH,IGR,
C4',SAH,IGR,
C3',SAH,IGR,
O3',SAH,IGR,
C2',SAH,IGR,
O2',SAH,IGR,
O4',SAH,IGR,
C1',SAH,IGR,
N9,SAH,IGR,
C8,SAH,IGR,
N7,SAH,IGR,
C5,SAH,IGR,
C4,SAH,IGR,
N3,SAH,IGR,
C2,SAH,IGR,
N1,SAH,IGR,
C6,SAH,IGR,
N6,SAH,IGR,
O1,TRS,IGR,
C1,TRS,IGR,
C,TRS,IGR,
N,TRS,IGR,
C2,TRS,IGR,
O2,TRS,IGR,
C3,TRS,IGR,
O3,TRS,IGR,
O6,BUI,IGR,
C4,BUI,IGR,
C3,BUI,IGR,
C2,BUI,IGR,
C1,BUI,IGR,
O5,BUI,IGR,
O3G,DCT,IGR,
O1G,DCT,IGR,
PG,DCT,IGR,
O2G,DCT,IGR,
O3B,DCT,IGR,
PB,DCT,IGR,
O1B,DCT,IGR,
O2B,DCT,IGR,
O3A,DCT,IGR,
PA,DCT,IGR,
O2A,DCT,IGR,
O1A,DCT,IGR,
O5',DCT,IGR,
C5',DCT,IGR,
C4',DCT,IGR,
C3',DCT,IGR,
C2',DCT,IGR,
O4',DCT,IGR,
C1',DCT,IGR,
N1,DCT,IGR,
C2,DCT,IGR,
O2,DCT,IGR,
N3,DCT,IGR,
C4,DCT,IGR,
N4,DCT,IGR,
C5,DCT,IGR,
C6,DCT,IGR,
O,EOH,IGR,
C1,EOH,IGR,
C2,EOH,IGR,
O1G,DTP,IGR,
O3G,DTP,IGR,
PG,DTP,IGR,
O2G,DTP,IGR,
O3B,DTP,IGR,
PB,DTP,IGR,
O2B,DTP,IGR,
O1B,DTP,IGR,
O3A,DTP,IGR,
PA,DTP,IGR,
O2A,DTP,IGR,
O1A,DTP,IGR,
O5',DTP,IGR,
C5',DTP,IGR,
C4',DTP,IGR,
O4',DTP,IGR,
C3',DTP,IGR,
O3',DTP,IGR,
C2',DTP,IGR,
C1',DTP,IGR,
N9,DTP,IGR,
C8,DTP,IGR,
N7,DTP,IGR,
C5,DTP,IGR,
C4,DTP,IGR,
N3,DTP,IGR,
C2,DTP,IGR,
N1,DTP,IGR,
C6,DTP,IGR,
N6,DTP,IGR,
O,TPO,IGR,
OXT,TPO,IGR,
C,TPO,IGR,
CA,TPO,IGR,
N,TPO,IGR,
CB,TPO,IGR,
CG2,TPO,IGR,
OG1,TPO,IGR,
P,TPO,IGR,
O2P,TPO,IGR,
O1P,TPO,IGR,
O3P,TPO,IGR,
O,ACT,IGR,
OXT,ACT,IGR,
C,ACT,IGR,
CH3,ACT,IGR,
O2,MDP,IGR,
CM,MDP,IGR,
C2,MDP,IGR,
C1,MDP,IGR,
C3,MDP,IGR,
C4,MDP,IGR,
C5,MDP,IGR,
O4,MDP,IGR,
O2,MPD,IGR,
CM,MPD,IGR,
C2,MPD,IGR,
C1,MPD,IGR,
C3,MPD,IGR,
C4,MPD,IGR,
C5,MPD,IGR,
O4,MPD,IGR,
O2S,MES,IGR,
O1S,MES,IGR,
S,MES,IGR,
O3S,MES,IGR,
C8,MES,IGR,
C7,MES,IGR,
N4,MES,IGR,
C3,MES,IGR,
C2,MES,IGR,
O1,MES,IGR,
C6,MES,IGR,
C5,MES,IGR,
C01,C0L,IGR,
CO2,C0L,IGR,
CO3,C0L,IGR,
C04,C0L,IGR,
C05,C0L,IGR,
C06,C0L,IGR,
C07,C0L,IGR,
C08,C0L,IGR,
O38,C0L,IGR,
C09,C0L,IGR,
C10,C0L,IGR,
C11,C0L,IGR,
C37,C0L,IGR,
C12,C0L,IGR,
C13,C0L,IGR,
C14,C0L,IGR,
C15,C0L,IGR,
C16,C0L,IGR,
C17,C0L,IGR,
O36,C0L,IGR,
C23,C0L,IGR,
O24,C0L,IGR,
O22,C0L,IGR,
C21,C0L,IGR,
C20,C0L,IGR,
C18,C0L,IGR,
O19,C0L,IGR,
C26,C0L,IGR,
C25,C0L,IGR,
C27,C0L,IGR,
C28,C0L,IGR,
C29,C0L,IGR,
C30,C0L,IGR,
N31,C0L,IGR,
C32,C0L,IGR,
O33,C0L,IGR,
O34,C0L,IGR,
C35,C0L,IGR,
O2G,ANP,IGR,
O1G,ANP,IGR,
O3G,ANP,IGR,
PG,ANP,IGR,
N3B,ANP,IGR,
PB,ANP,IGR,
O2B,ANP,IGR,
O1B,ANP,IGR,
O3A,ANP,IGR,
PA,ANP,IGR,
O2A,ANP,IGR,
O1A,ANP,IGR,
O5',ANP,IGR,
C5',ANP,IGR,
C4',ANP,IGR,
C3',ANP,IGR,
O3',ANP,IGR,
C2',ANP,IGR,
O2',ANP,IGR,
O4',ANP,IGR,
C1',ANP,IGR,
N9,ANP,IGR,
C8,ANP,IGR,
N7,ANP,IGR,
C5,ANP,IGR,
C4,ANP,IGR,
N3,ANP,IGR,
C2,ANP,IGR,
N1,ANP,IGR,
C6,ANP,IGR,
N6,ANP,IGR,
C7,3MO,IGR,
N2,3MO,IGR,
C3,3MO,IGR,
C4,3MO,IGR,
O5,3MO,IGR,
C1,3MO,IGR,
O6,3MO,IGR,
S4,DTT,IGR,
C4,DTT,IGR,
C3,DTT,IGR,
O3,DTT,IGR,
C2,DTT,IGR,
C1,DTT,IGR,
S1,DTT,IGR,
O2,DTT,IGR,
N6,STP,IGR,
C6,STP,IGR,
N1,STP,IGR,
C2,STP,IGR,
N3,STP,IGR,
C4,STP,IGR,
C5,STP,IGR,
N7,STP,IGR,
C8,STP,IGR,
N9,STP,IGR,
C1',STP,IGR,
O4',STP,IGR,
C4',STP,IGR,
C2',STP,IGR,
C3',STP,IGR,
O3',STP,IGR,
C4',STP,IGR,
C5',STP,IGR,
O5',STP,IGR,
PA,STP,IGR,
O2A,STP,IGR,
S1A,STP,IGR,
O3A,STP,IGR,
PB,STP,IGR,
O2B,STP,IGR,
O1B,STP,IGR,
O3B,STP,IGR,
PG,STP,IGR,
O1G,STP,IGR,
O2G,STP,IGR,
O3G,0KX,IGR,
O1G,0KX,IGR,
O2G,0KX,IGR,
PG,0KX,IGR,
O3B,0KX,IGR,
PB,0KX,IGR,
O2B,0KX,IGR,
O1B,0KX,IGR,
N3A,0KX,IGR,
PA,0KX,IGR,
O1A,0KX,IGR,
O2A,0KX,IGR,
O5',0KX,IGR,
C5',0KX,IGR,
C4',0KX,IGR,
C3',0KX,IGR,
O3',0KX,IGR,
C2',0KX,IGR,
O4',0KX,IGR,
C1',0KX,IGR,
N1,0KX,IGR,
C6,0KX,IGR,
C5,0KX,IGR,
C4,0KX,IGR,
N4,0KX,IGR,
N3,0KX,IGR,
C2,0KX,IGR,
O2,0KX,IGR,
O1G,CTP,IGR,
O2G,CTP,IGR,
O3G,CTP,IGR,
PG,CTP,IGR,
O3B,CTP,IGR,
O1B,CTP,IGR,
O2B,CTP,IGR,
PB,CTP,IGR,
O3A,CTP,IGR,
PA,CTP,IGR,
O2A,CTP,IGR,
O1A,CTP,IGR,
O5',CTP,IGR,
C5',CTP,IGR,
C4',CTP,IGR,
C3',CTP,IGR,
O3',CTP,IGR,
C2',CTP,IGR,
O2',CTP,IGR,
O4',CTP,IGR,
C1',CTP,IGR,
N1,CTP,IGR,
C2,CTP,IGR,
O2,CTP,IGR,
N3,CTP,IGR,
C4,CTP,IGR,
N4,CTP,IGR,
C5,CTP,IGR,
C6,CTP,IGR,
O5,DPO,IGR,
O7,DPO,IGR,
P2,DPO,IGR,
O6,DPO,IGR,
O4,DPO,IGR,
PA,DPO,IGR,
O2,DPO,IGR,
O1,DPO,IGR,
O3,DPO,IGR,
N,0G6,IGR,
NH2,0G6,IGR,
CZ1,0G6,IGR,
NH1,0G6,IGR,
NE,0G6,IGR,
CD3,0G6,IGR,
CG2,0G6,IGR,
CB2,0G6,IGR,
CA2,0G6,IGR,
N2,0G6,IGR,
C1,0G6,IGR,
O1,0G6,IGR,
CA1,0G6,IGR,
CB1,0G6,IGR,
CG1,0G6,IGR,
CD,0G6,IGR,
N1,0G6,IGR,
C,0G6,IGR,
O,0G6,IGR,
CA,0G6,IGR,
CB,0G6,IGR,
CG,0G6,IGR,
CD1,0G6,IGR,
CE1,0G6,IGR,
CZ,0G6,IGR,
CE2,0G6,IGR,
CD2,0G6,IGR,
CL,0G6,IGR,
C3,0G6,IGR,
O2,0G6,IGR,
C2,0G6,IGR,
C6,AUF,IGR,
C5,AUF,IGR,
P1,AUF,IGR,
AU1,AUF,IGR,
C1,AUF,IGR,
C2,AUF,IGR,
C3,AUF,IGR,
C4,AUF,IGR,
O,SAH,IGR,
C,SAH,IGR,
OXT,SAH,IGR,
CA,SAH,IGR,
N,SAH,IGR,
CB,SAH,IGR,
CG,SAH,IGR,
SD,SAH,IGR,
C5',SAH,IGR,
C4',SAH,IGR,
C3',SAH,IGR,
O3',SAH,IGR,
C2',SAH,IGR,
O2',SAH,IGR,
O4',SAH,IGR,
C1',SAH,IGR,
N9,SAH,IGR,
C8,SAH,IGR,
N7,SAH,IGR,
C4,SAH,IGR,
C5,SAH,IGR,
N3,SAH,IGR,
C2,SAH,IGR,
N1,SAH,IGR,
C6,SAH,IGR,
N6,SAH,IGR,
O3G,0KX,IGR,
O1G,0KX,IGR,
O2G,0KX,IGR,
PG,0KX,IGR,
O3B,0KX,IGR,
PB,0KX,IGR,
O1B,0KX,IGR,
O2B,0KX,IGR,
N3A,0KX,IGR,
PA,0KX,IGR,
O1A,0KX,IGR,
O2A,0KX,IGR,
O5',0KX,IGR,
C5',0KX,IGR,
C4',0KX,IGR,
C3',0KX,IGR,
O3',0KX,IGR,
C2',0KX,IGR,
C1',0KX,IGR,
O4',0KX,IGR,
N1,0KX,IGR,
C6,0KX,IGR,
C5,0KX,IGR,
C4,0KX,IGR,
N4,0KX,IGR,
N3,0KX,IGR,
C2,0KX,IGR,
O2,0KX,IGR,
O,PTR,IGR,
OXT,PTR,IGR,
C,PTR,IGR,
CA,PTR,IGR,
N,PTR,IGR,
CB,PTR,IGR,
CG,PTR,IGR,
CD2,PTR,IGR,
CE2,PTR,IGR,
CZ,PTR,IGR,
CD1,PTR,IGR,
CE1,PTR,IGR,
OH,PTR,IGR,
P,PTR,IGR,
O1P,PTR,IGR,
O2P,PTR,IGR,
O3P,PTR,IGR,
N6,AGS,IGR,
C6,AGS,IGR,
N1,AGS,IGR,
C2,AGS,IGR,
C4,AGS,IGR,
C5,AGS,IGR,
N7,AGS,IGR,
C8,AGS,IGR,
N9,AGS,IGR,
C1',AGS,IGR,
C2',AGS,IGR,
O2',AGS,IGR,
O3',AGS,IGR,
C3',AGS,IGR,
C4,AGS,IGR,
O4',AGS,IGR,
C5',AGS,IGR,
O5',AGS,IGR,
PA,AGS,IGR,
O1A,AGS,IGR,
O2A,AGS,IGR,
O3A,AGS,IGR,
PB,AGS,IGR,
O1B,AGS,IGR,
O2B,AGS,IGR,
O3B,AGS,IGR,
PG,AGS,IGR,
O3G,AGS,IGR,
O2G,AGS,IGR,
S1G,AGS,IGR,
C4',AGS,IGR,
S2,BME,IGR,
C2,BME,IGR,
C1,BME,IGR,
O1,BME,IGR,
CG,UNK,IGR,
CB,UNK,IGR,
CA,UNK,IGR,
N,UNK,IGR,
C,UNK,IGR,
O,UNK,IGR,
OXT,UNK,IGR,
OAD,1FO,IGR,
OAB,1FO,IGR,
CAR,1FO,IGR,
CAS,1FO,IGR,
OAE,1FO,IGR,
CAI,1FO,IGR,
CAQ,1FO,IGR,
OAA,1FO,IGR,
CAG,1FO,IGR,
CAH,1FO,IGR,
HAH,1FO,IGR,
CAV,1FO,IGR,
NAP,1FO,IGR,
CAO,1FO,IGR,
CAM,1FO,IGR,
CAX,1FO,IGR,
CAT,1FO,IGR,
OAC,1FO,IGR,
CAW,1FO,IGR,
CAL,1FO,IGR,
CAJ,1FO,IGR,
CAK,1FO,IGR,
CAN,1FO,IGR,
CAU,1FO,IGR,
FAF,1FO,IGR,
O1,2PE,IGR,
C2,2PE,IGR,
C3,2PE,IGR,
O4,2PE,IGR,
C5,2PE,IGR,
C6,2PE,IGR,
O7,2PE,IGR,
C8,2PE,IGR,
C9,2PE,IGR,
O10,2PE,IGR,
C11,2PE,IGR,
C12,2PE,IGR,
O13,2PE,IGR,
C14,2PE,IGR,
C15,2PE,IGR,
O16,2PE,IGR,
C17,2PE,IGR,
C18,2PE,IGR,
O19,2PE,IGR,
C20,2PE,IGR,
C21,2PE,IGR,
O22,2PE,IGR,
C23,2PE,IGR,
C24,2PE,IGR,
O25,2PE,IGR,
C26,2PE,IGR,
C27,2PE,IGR,
O28,2PE,IGR,
O6,HPA,IGR,
C6,HPA,IGR,
N1,HPA,IGR,
C2,HPA,IGR,
N3,HPA,IGR,
C4,HPA,IGR,
C5,HPA,IGR,
N7,HPA,IGR,
C8,HPA,IGR,
N9,HPA,IGR,
X,UNX,IGR,
N6,9O7,IGR,
C6,9O7,IGR,
N1,9O7,IGR,
C2,9O7,IGR,
N3,9O7,IGR,
C4,9O7,IGR,
C5,9O7,IGR,
N7,9O7,IGR,
C8,9O7,IGR,
N9,9O7,IGR,
C1',9O7,IGR,
O4',9O7,IGR,
C4',9O7,IGR,
C3',9O7,IGR,
C2',9O7,IGR,
O2',9O7,IGR,
O3',9O7,IGR,
PA,9O7,IGR,
O2A,9O7,IGR,
O1A,9O7,IGR,
O3A,9O7,IGR,
PB,9O7,IGR,
O2B,9O7,IGR,
O1B,9O7,IGR,
O3B,9O7,IGR,
PG,9O7,IGR,
O3G,9O7,IGR,
O1G,9O7,IGR,
O2G,9O7,IGR,
O22,PPV,IGR,
O32,PPV,IGR,
P2,PPV,IGR,
O12,PPV,IGR,
OPP,PPV,IGR,
P1,PPV,IGR,
O21,PPV,IGR,
O31,PPV,IGR,
O11,PPV,IGR,
O2,CPQ,IGR,
C13,CPQ,IGR,
C12,CPQ,IGR,
C1,CPQ,IGR,
C2,CPQ,IGR,
C15,CPQ,IGR,
C14,CPQ,IGR,
C11,CPQ,IGR,
C16,CPQ,IGR,
C17,CPQ,IGR,
C18,CPQ,IGR,
C19,CPQ,IGR,
C3,CPQ,IGR,
C4,CPQ,IGR,
O4,CPQ,IGR,
C5,CPQ,IGR,
C6,CPQ,IGR,
C7,CPQ,IGR,
C8,CPQ,IGR,
C9,CPQ,IGR,
C10,CPQ,IGR,
O4,CPQ,IGR,
C20,CPQ,IGR,
C21,CPQ,IGR,
C22,CPQ,IGR,
C23,CPQ,IGR,
C57,CPQ,IGR,
O58,CPQ,IGR,
N59,CPQ,IGR,
C68,CPQ,IGR,
C69,CPQ,IGR,
C70,CPQ,IGR,
N71,CPQ,IGR,
C72,CPQ,IGR,
O73,CPQ,IGR,
C90,CPQ,IGR,
O96,CPQ,IGR,
C91,CPQ,IGR,
O97,CPQ,IGR,
C92,CPQ,IGR,
O98,CPQ,IGR,
C93,CPQ,IGR,
O99,CPQ,IGR,
C94,CPQ,IGR,
O95,CPQ,IGR,
C74,CPQ,IGR,
C75,CPQ,IGR,
C76,CPQ,IGR,
C78,CPQ,IGR,
N77,CPQ,IGR,
O79,CPQ,IGR,
C80,CPQ,IGR,
O86,CPQ,IGR,
C81,CPQ,IGR,
O87,CPQ,IGR,
C82,CPQ,IGR,
O88,CPQ,IGR,
C83,CPQ,IGR,
O89,CPQ,IGR,
C84,CPQ,IGR,
O85,CPQ,IGR,
O4,DUP,IGR,
C4,DUP,IGR,
C5,DUP,IGR,
C6,DUP,IGR,
N1,DUP,IGR,
C2,DUP,IGR,
N3,DUP,IGR,
O2,DUP,IGR,
C1',DUP,IGR,
C2',DUP,IGR,
C3',DUP,IGR,
O3',DUP,IGR,
O4',DUP,IGR,
C4',DUP,IGR,
C5',DUP,IGR,
PA,DUP,IGR,
O2A,DUP,IGR,
O1A,DUP,IGR,
N3A,DUP,IGR,
PB,DUP,IGR,
O2B,DUP,IGR,
O1B,DUP,IGR,
O3B,DUP,IGR,
PG,DUP,IGR,
O1G,DUP,IGR,
O2G,DUP,IGR,
O3G,DUP,IGR,
O2S,EPE,IGR,
O1S,EPE,IGR,
S,EPE,IGR,
O3S,EPE,IGR,
C10,EPE,IGR,
C9,EPE,IGR,
N1,EPE,IGR,
C6,EPE,IGR,
C2,EPE,IGR,
C5,EPE,IGR,
C3,EPE,IGR,
N4,EPE,IGR,
C7,EPE,IGR,
C8,EPE,IGR,
O8,EPE,IGR,
ER,ER3,IGR,
OXT,CME,IGR,
C,CME,IGR,
O,CME,IGR,
CA,CME,IGR,
N,CME,IGR,
CB,CME,IGR,
SG,CME,IGR,
SD,CME,IGR,
CE,CME,IGR,
CZ,CME,IGR,
OH,CME,IGR,
O1,SOR,IGR,
C1,SOR,IGR,
C2,SOR,IGR,
O2,SOR,IGR,
C3,SOR,IGR,
O3,SOR,IGR,
C4,SOR,IGR,
C5,SOR,IGR,
O4,SOR,IGR,
C6,SOR,IGR,
O6,SOR,IGR,
O4,PEG,IGR,
C4,PEG,IGR,
C3,PEG,IGR,
O2,PEG,IGR,
C2,PEG,IGR,
C1,PEG,IGR,
O1,PEG,IGR,
FE,FE2,IGR,
O12,GSH,IGR,
C1,GSH,IGR,
O11,GSH,IGR,
CA1,GSH,IGR,
N1,GSH,IGR,
CB1,GSH,IGR,
CG1,GSH,IGR,
CD1,GSH,IGR,
OE1,GSH,IGR,
N2,GSH,IGR,
CA2,GSH,IGR,
CB2,GSH,IGR,
SG2,GSH,IGR,
C2,GSH,IGR,
O2,GSH,IGR,
N3,GSH,IGR,
CA3,GSH,IGR,
C3,GSH,IGR,
O31,GSH,IGR,
O32,GSH,IGR,
O4,D3T,IGR,
C4,D3T,IGR,
C5,D3T,IGR,
C5M,D3T,IGR,
C6,D3T,IGR,
N1,D3T,IGR,
C2,D3T,IGR,
N3,D3T,IGR,
O2,D3T,IGR,
C1',D3T,IGR,
C2',D3T,IGR,
C3',D3T,IGR,
C4',D3T,IGR,
O4',D3T,IGR,
C5',D3T,IGR,
O5',D3T,IGR,
PA,D3T,IGR,
O2A,D3T,IGR,
O1A,D3T,IGR,
O3A,D3T,IGR,
PB,D3T,IGR,
O2B,D3T,IGR,
O1B,D3T,IGR,
O3B,D3T,IGR,
PG,D3T,IGR,
O2G,D3T,IGR,
O1G,D3T,IGR,
O3G,D3T,IGR,
F3,BEF,IGR,
BE,BEF,IGR,
F2,BEF,IGR,
F1,BEF,IGR,
O4,FAD,IGR,
C4,FAD,IGR,
N3,FAD,IGR,
C2,FAD,IGR,
O2,FAD,IGR,
N1,FAD,IGR,
C10,FAD,IGR,
C4X,FAD,IGR,
N5,FAD,IGR,
C5X,FAD,IGR,
C6,FAD,IGR,
C7,FAD,IGR,
C7M,FAD,IGR,
C8,FAD,IGR,
C8M,FAD,IGR,
C9,FAD,IGR,
C9A,FAD,IGR,
N10,FAD,IGR,
C1',FAD,IGR,
C2',FAD,IGR,
O2',FAD,IGR,
C3',FAD,IGR,
O3',FAD,IGR,
C4',FAD,IGR,
O4',FAD,IGR,
C5',FAD,IGR,
O5',FAD,IGR,
P,FAD,IGR,
O2P,FAD,IGR,
O1P,FAD,IGR,
O3P,FAD,IGR,
O1A,FAD,IGR,
PA,FAD,IGR,
O2A,FAD,IGR,
O5B,FAD,IGR,
C5B,FAD,IGR,
C4B,FAD,IGR,
C3B,FAD,IGR,
O3B,FAD,IGR,
C2B,FAD,IGR,
O2B,FAD,IGR,
C1B,FAD,IGR,
O4B,FAD,IGR,
N9A,FAD,IGR,
C8A,FAD,IGR,
N7A,FAD,IGR,
C4A,FAD,IGR,
C5A,FAD,IGR,
N3A,FAD,IGR,
C2A,FAD,IGR,
N1A,FAD,IGR,
C6A,FAD,IGR,
N6A,FAD,IGR,
N,NH4,IGR,
O,FOR,IGR,
C,FOR,IGR,
O1',MAL,IGR,
C1',MAL,IGR,
O5',MAL,IGR,
C5',MAL,IGR,
C6',MAL,IGR,
O6',MAL,IGR,
C4',MAL,IGR,
C3',MAL,IGR,
C2',MAL,IGR,
O2',MAL,IGR,
O3',MAL,IGR,
O1,MAL,IGR,
C1,MAL,IGR,
O5,MAL,IGR,
C5,MAL,IGR,
C6,MAL,IGR,
O6,MAL,IGR,
C4,MAL,IGR,
O4,MAL,IGR,
C3,MAL,IGR,
O3,MAL,IGR,
C2,MAL,IGR,
O2,MAL,IGR,
N6,ZAN,IGR,
C6,ZAN,IGR,
N1,ZAN,IGR,
C2,ZAN,IGR,
N3,ZAN,IGR,
C4,ZAN,IGR,
C5,ZAN,IGR,
N7,ZAN,IGR,
C8,ZAN,IGR,
N9,ZAN,IGR,
C1',ZAN,IGR,
O4',ZAN,IGR,
C4',ZAN,IGR,
C3',ZAN,IGR,
C2',ZAN,IGR,
O2',ZAN,IGR,
O3',ZAN,IGR,
C5',ZAN,IGR,
O5',ZAN,IGR,
PA,ZAN,IGR,
O2A,ZAN,IGR,
O1A,ZAN,IGR,
N3A,ZAN,IGR,
PB,ZAN,IGR,
O2B,ZAN,IGR,
O1B,ZAN,IGR,
O3B,ZAN,IGR,
PG,ZAN,IGR,
O1G,ZAN,IGR,
O3G,ZAN,IGR,
O2G,ZAN,IGR,
O6B,NPF,IGR,
N6,NPF,IGR,
O6A,NPF,IGR,
C6,NPF,IGR,
C5,NPF,IGR,
C4,NPF,IGR,
C3,NPF,IGR,
C2,NPF,IGR,
C1,NPF,IGR,
O1',NPF,IGR,
C1',NPF,IGR,
O5',NPF,IGR,
C5',NPF,IGR,
C6',NPF,IGR,
C4',NPF,IGR,
O4',NPF,IGR,
C3',NPF,IGR,
O3',NPF,IGR,
C2',NPF,IGR,
O2',NPF,IGR,
O6B,NPF,IGR,
N6,NPF,IGR,
O6A,NPF,IGR,
C6,NPF,IGR,
C5,NPF,IGR,
C4,NPF,IGR,
C3,NPF,IGR,
C2,NPF,IGR,
C1,NPF,IGR,
O1',NPF,IGR,
C1',NPF,IGR,
O5',NPF,IGR,
C5',NPF,IGR,
C6',NPF,IGR,
C4',NPF,IGR,
O4',NPF,IGR,
C3',NPF,IGR,
O3',NPF,IGR,
C2',NPF,IGR,
O2',NPF,IGR,
O4,UDP,IGR,
C4,UDP,IGR,
N3,UDP,IGR,
C2,UDP,IGR,
O2,UDP,IGR,
N1,UDP,IGR,
C6,UDP,IGR,
C5,UDP,IGR,
C1',UDP,IGR,
C2',UDP,IGR,
O2',UDP,IGR,
C3',UDP,IGR,
O3',UDP,IGR,
C4',UDP,IGR,
O4',UDP,IGR,
C5',UDP,IGR,
O5',UDP,IGR,
PA,UDP,IGR,
O1A,UDP,IGR,
O2A,UDP,IGR,
O1A,UDP,IGR,
O3A,UDP,IGR,
PB,UDP,IGR,
O3B,UDP,IGR,
O2B,UDP,IGR,
O1B,UDP,IGR,
O2G,GTP,IGR,
PG,GTP,IGR,
O1G,GTP,IGR,
O3G,GTP,IGR,
O3B,GTP,IGR,
PB,GTP,IGR,
O1B,GTP,IGR,
O2B,GTP,IGR,
O3A,GTP,IGR,
PA,GTP,IGR,
O5',GTP,IGR,
O1A,GTP,IGR,
O2A,GTP,IGR,
O5',GTP,IGR,
C5',GTP,IGR,
C4',GTP,IGR,
C3',GTP,IGR,
C2',GTP,IGR,
O3',GTP,IGR,
O2',GTP,IGR,
C1',GTP,IGR,
O4',GTP,IGR,
N9,GTP,IGR,
C8,GTP,IGR,
N7,GTP,IGR,
C5,GTP,IGR,
C4,GTP,IGR,
N3,GTP,IGR,
C2,GTP,IGR,
N2,GTP,IGR,
N1,GTP,IGR,
C6,GTP,IGR,
O6,GTP,IGR,
C3,IPA,IGR,
C2,IPA,IGR,
O2,IPA,IGR,
C1,IPA,IGR,
O2G,GH3,IGR,
O3G,GH3,IGR,
PG,GH3,IGR,
O1G,GH3,IGR,
O3B,GH3,IGR,
PB,GH3,IGR,
O1B,GH3,IGR,
O2B,GH3,IGR,
O3A,GH3,IGR,
PA,GH3,IGR,
O1A,GH3,IGR,
O2A,GH3,IGR,
O5',GH3,IGR,
C5',GH3,IGR,
C4',GH3,IGR,
C3',GH3,IGR,
O4',GH3,IGR,
C2',GH3,IGR,
O2',GH3,IGR,
C1',GH3,IGR,
N9,GH3,IGR,
C8,GH3,IGR,
N7,GH3,IGR,
C5,GH3,IGR,
C4,GH3,IGR,
N3,GH3,IGR,
C2,GH3,IGR,
N2,GH3,IGR,
N1,GH3,IGR,
C6,GH3,IGR,
O6,GH3,IGR,
O1P,TMP,IGR,
P,TMP,IGR,
O3P,TMP,IGR,
O2P,TMP,IGR,
05',TMP,IGR,
C5',TMP,IGR,
C4',TMP,IGR,
O4',TMP,IGR,
C3',TMP,IGR,
O3',TMP,IGR,
C2',TMP,IGR,
C1',TMP,IGR,
N1,TMP,IGR,
C6,TMP,IGR,
C5,TMP,IGR,
C5M,TMP,IGR,
C4,TMP,IGR,
O4,TMP,IGR,
N3,TMP,IGR,
C2,TMP,IGR,
O2,TMP,IGR,
CH3,ACY,IGR,
C,ACY,IGR,
O,ACY,IGR,
OXT,ACY,IGR,
N6,APC,IGR,
C6,APC,IGR,
N1,APC,IGR,
C2,APC,IGR,
N3,APC,IGR,
C4,APC,IGR,
C5,APC,IGR,
N7,APC,IGR,
C8,APC,IGR,
N9,APC,IGR,
C1',APC,IGR,
O4',APC,IGR,
C2',APC,IGR,
O2',APC,IGR,
C3',APC,IGR,
O3',APC,IGR,
C4',APC,IGR,
C5',APC,IGR,
O5',APC,IGR,
PA,APC,IGR,
O2A,APC,IGR,
O1A,APC,IGR,
C3A,APC,IGR,
PB,APC,IGR,
O2B,APC,IGR,
O1B,APC,IGR,
O3B,APC,IGR,
PG,APC,IGR,
O1G,APC,IGR,
O3G,APC,IGR,
O2G,APC,IGR,
O4,TTW,IGR,
C4,TTW,IGR,
N3,TTW,IGR,
C2,TTW,IGR,
O2,TTW,IGR,
C6,TTW,IGR,
C5,TTW,IGR,
C5M,TTW,IGR,
N1,TTW,IGR,
C1',TTW,IGR,
O4',TTW,IGR,
C2',TTW,IGR,
C3',TTW,IGR,
O3',TTW,IGR,
C4',TTW,IGR,
C5',TTW,IGR,
O5',TTW,IGR,
PA,TTW,IGR,
O2A,TTW,IGR,
O1A,TTW,IGR,
O3A,TTW,IGR,
PB,TTW,IGR,
O2B,TTW,IGR,
O1B,TTW,IGR,
N3B,TTW,IGR,
PG,TTW,IGR,
O3G,TTW,IGR,
O2G,TTW,IGR,
O1G,TTW,IGR,
O3G,G2P,IGR,
O1G,G2P,IGR,
O2G,G2P,IGR,
PG,G2P,IGR,
O3B,G2P,IGR,
PB,G2P,IGR,
O2B,G2P,IGR,
O1B,G2P,IGR,
C3A,G2P,IGR,
O5',G2P,IGR,
C5',G2P,IGR,
C4',G2P,IGR,
C3',G2P,IGR,
O4',G2P,IGR,
C2',G2P,IGR,
O3',G2P,IGR,
O2',G2P,IGR,
C1',G2P,IGR,
N9,G2P,IGR,
C8,G2P,IGR,
N7,G2P,IGR,
C5,G2P,IGR,
C4,G2P,IGR,
N3,G2P,IGR,
C2,G2P,IGR,
N2,G2P,IGR,
N1,G2P,IGR,
C6,G2P,IGR,
O6,G2P,IGR,
O2G,ET9,IGR,
PG,ET9,IGR,
O3G,ET9,IGR,
O1G,ET9,IGR,
O3B,ET9,IGR,
PB,ET9,IGR,
O1B,ET9,IGR,
O2B,ET9,IGR,
O3A,ET9,IGR,
O2A,ET9,IGR,
PA,ET9,IGR,
O1A,ET9,IGR,
O5',ET9,IGR,
C5',ET9,IGR,
C4',ET9,IGR,
C3',ET9,IGR,
O3',ET9,IGR,
C2',ET9,IGR,
C1',ET9,IGR,
C6',ET9,IGR,
C44,ET9,IGR,
N9,ET9,IGR,
C8,ET9,IGR,
N7,ET9,IGR,
C5,ET9,IGR,
C4,ET9,IGR,
N3,ET9,IGR,
C2,ET9,IGR,
N1,ET9,IGR,
C6,ET9,IGR,
N2,ET9,IGR,
O6,ET9,IGR,
O14,KNG,IGR,
C44,KNG,IGR,
O15,KNG,IGR,
C43,KNG,IGR,
C40,KNG,IGR,
C42,KNG,IGR,
C41,KNG,IGR,
C39,KNG,IGR,
O13,KNG,IGR,
O12,KNG,IGR,
C31,KNG,IGR,
C38,KNG,IGR,
C20,KNG,IGR,
C21,KNG,IGR,
O09,KNG,IGR,
C22,KNG,IGR,
C32,KNG,IGR,
C23,KNG,IGR,
O19,KNG,IGR,
C24,KNG,IGR,
C33,KNG,IGR,
C35,KNG,IGR,
C36,KNG,IGR,
O08,KNG,IGR,
O07,KNG,IGR,
C25,KNG,IGR,
C26,KNG,IGR,
C34,KNG,IGR,
C27,KNG,IGR,
O06,KNG,IGR,
C37,KNG,IGR,
C45,KNG,IGR,
C46,KNG,IGR,
O18,KNG,IGR,
C50,KNG,IGR,
O17,KNG,IGR,
C47,KNG,IGR,
C48,KNG,IGR,
C49,KNG,IGR,
O16,KNG,IGR,
C28,KNG,IGR,
C29,KNG,IGR,
O05,KNG,IGR,
C12,KNG,IGR,
C13,KNG,IGR,
C11,KNG,IGR,
O04,KNG,IGR,
O03,KNG,IGR,
C06,KNG,IGR,
C05,KNG,IGR,
C07,KNG,IGR,
C14,KNG,IGR,
C10,KNG,IGR,
O02,KNG,IGR,
C08,KNG,IGR,
C09,KNG,IGR,
C04,KNG,IGR,
O11,KNG,IGR,
C03,KNG,IGR,
C01,KNG,IGR,
O01,KNG,IGR,
C02,KNG,IGR,
NO1,KNG,IGR,
C15,KNG,IGR,
O10,KNG,IGR,
C16,KNG,IGR,
C30,KNG,IGR,
C17,KNG,IGR,
C18,KNG,IGR,
C19,KNG,IGR,
C2,IMD,IGR,
N3,IMD,IGR,
C4,IMD,IGR,
C5,IMD,IGR,
N1,IMD,IGR,
O,ACE,IGR,
C,ACE,IGR,
CH3,ACE,IGR,
O2,BGC,IGR,
C2,BGC,IGR,
C1,BGC,IGR,
O1,BGC,IGR,
O5,BGC,IGR,
C5,BGC,IGR,
C6,BGC,IGR,
O6,BGC,IGR,
C4,BGC,IGR,
04,BGC,IGR,
C3,BGC,IGR,
O3,BGC,IGR,
C2,BGC,IGR,
O2,BGC,IGR,
SM,SM,IGR,
O7,NAG,IGR,
C7,NAG,IGR,
C8,NAG,IGR,
N2,NAG,IGR,
C2,NAG,IGR,
C1,NAG,IGR,
O1,NAG,IGR,
O5,NAG,IGR,
C3,NAG,IGR,
O3,NAG,IGR,
C5,NAG,IGR,
C6,NAG,IGR,
O6,NAG,IGR,
C4,NAG,IGR,
O4,NAG,IGR,
N7,ADE,IGR,
C8,ADE,IGR,
N9,ADE,IGR,
C4,ADE,IGR,
C5,ADE,IGR,
C6,ADE,IGR,
N6,ADE,IGR,
N1,ADE,IGR,
C2,ADE,IGR,
N3,ADE,IGR,
O13,MTT,IGR,
C13,MTT,IGR,
C14,MTT,IGR,
O14,MTT,IGR,
C15,MTT,IGR,
C16,MTT,IGR,
O16,MTT,IGR,
O15,MTT,IGR,
C11,MTT,IGR,
C12,MTT,IGR,
O12,MTT,IGR,
O24,MTT,IGR,
C24,MTT,IGR,
C23,MTT,IGR,
O23,MTT,IGR,
C25,MTT,IGR,
C26,MTT,IGR,
O26,MTT,IGR,
O25,MTT,IGR,
C22,MTT,IGR,
O22,MTT,IGR,
C21,MTT,IGR,
O34,MTT,IGR,
C34,MTT,IGR,
C33,MTT,IGR,
C32,MTT,IGR,
O32,MTT,IGR,
C35,MTT,IGR,
C36,MTT,IGR,
O36,MTT,IGR,
O35,MTT,IGR,
C31,MTT,IGR,
O44,MTT,IGR,
C44,MTT,IGR,
C45,MTT,IGR,
C46,MTT,IGR,
O46,MTT,IGR,
O45,MTT,IGR,
C41,MTT,IGR,
O41,MTT,IGR,
C42,MTT,IGR,
O42,MTT,IGR,
C43,MTT,IGR,
O43,MTT,IGR,
AL,ALF,IGR,
F1,ALF,IGR,
F2,ALF,IGR,
F3,ALF,IGR,
F4,ALF,IGR,
OXT,SAM,IGR,
C,SAM,IGR,
O,SAM,IGR,
CA,SAM,IGR,
N,SAM,IGR,
CA,SAM,IGR,
CB,SAM,IGR,
CG,SAM,IGR,
SD,SAM,IGR,
CE,SAM,IGR,
C5',SAM,IGR,
C4',SAM,IGR,
C3',SAM,IGR,
O3',SAM,IGR,
O4',SAM,IGR,
C2',SAM,IGR,
O2',SAM,IGR,
C1',SAM,IGR,
N9,SAM,IGR,
C8,SAM,IGR,
N7,SAM,IGR,
C5,SAM,IGR,
C4,SAM,IGR,
N3,SAM,IGR,
C2,SAM,IGR,
N1,SAM,IGR,
C6,SAM,IGR,
N6,SAM,IGR,
O5,PG4,IGR,
C8,PG4,IGR,
C7,PG4,IGR,
C6,PG4,IGR,
O4,PG4,IGR,
C5,PG4,IGR,
O3,PG4,IGR,
C4,PG4,IGR,
C3,PG4,IGR,
O2,PG4,IGR,
C2,PG4,IGR,
C1,PG4,IGR,
O1,PG4,IGR,
O1,2HP,IGR,
P,2HP,IGR,
O3,2HP,IGR,
O2,2HP,IGR,
O4,2HP,IGR,
O2,FMT,IGR,
C,FMT,IGR,
O1,FMT,IGR,
O1,DIO,IGR
C2,DIO,IGR
C2',DIO,IGR
O1',DIO,IGR
C1',DIO,IGR
C1,DIO,IGR
O4,VO4,IGR,
V,VO4,IGR,
O1,VO4,IGR,
O3,VO4,IGR,
O2,VO4,IGR,
LU,LU,IGR,
C18,OLA,IGR,
C17,OLA,IGR,
C16,OLA,IGR,
C15,OLA,IGR,
C14,OLA,IGR,
C13,OLA,IGR,
C12,OLA,IGR,
C11,OLA,IGR,
C10,OLA,IGR,
C9,OLA,IGR,
C8,OLA,IGR,
C7,OLA,IGR,
C6,OLA,IGR,
C5,OLA,IGR,
C4,OLA,IGR,
C3,OLA,IGR,
C2,OLA,IGR,
C1,OLA,IGR,
O2,OLA,IGR,
O1,OLA,IGR,
O4,CIT,IGR,
C5,CIT,IGR,
O3,CIT,IGR,
C4,CIT,IGR,
C3,CIT,IGR,
O7,CIT,IGR,
C3,CIT,IGR,
C6,CIT,IGR,
O5,CIT,IGR,
O6,CIT,IGR,
C2,CIT,IGR,
C1,CIT,IGR,
O1,CIT,IGR,
O2,CIT,IGR,
O3G,DG3,IGR,
O2G,DG3,IGR,
PG,DG3,IGR,
O1G,DG3,IGR,
O3B,DG3,IGR,
PB,DG3,IGR,
O1B,DG3,IGR,
O2B,DG3,IGR,
O3A,DG3,IGR,
PA,DG3,IGR,
O2A,DG3,IGR,
O1A,DG3,IGR,
O5',DG3,IGR,
C5',DG3,IGR,
C4',DG3,IGR,
C3',DG3,IGR,
O4',DG3,IGR,
C2',DG3,IGR,
C1',DG3,IGR,
N9,DG3,IGR,
C8,DG3,IGR,
N7,DG3,IGR,
C5,DG3,IGR,
C4,DG3,IGR,
N3,DG3,IGR,
C2,DG3,IGR,
N2,DG3,IGR,
N1,DG3,IGR,
C6,DG3,IGR,
O6,DG3,IGR,
OXT,HYP,IGR,
C,HYP,IGR,
O,HYP,IGR,
CA,HYP,IGR,
N,HYP,IGR,
CB,HYP,IGR,
CD,HYP,IGR,
CG,HYP,IGR,
OD1,HYP,IGR,
CL,EFZ,IGR,
C4,EFZ,IGR,
C3,EFZ,IGR,
C2,EFZ,IGR,
C1,EFZ,IGR,
C5,EFZ,IGR,
C6,EFZ,IGR,
N,EFZ,IGR,
C14,EFZ,IGR,
O1,EFZ,IGR,
O2,EFZ,IGR,
C7,EFZ,IGR,
C13,EFZ,IGR,
F1,EFZ,IGR,
F3,EFZ,IGR,
F2,EFZ,IGR,
C8,EFZ,IGR,
C9,EFZ,IGR,
C10,EFZ,IGR,
C11,EFZ,IGR,
C12,EFZ,IGR,
CM1,M2L,IGR,
NZ,M2L,IGR,
CM2,M2L,IGR,
CE,M2L,IGR,
CD,M2L,IGR,
SG,M2L,IGR,
CB,M2L,IGR,
CA,M2L,IGR,
N,M2L,IGR,
C,M2L,IGR,
OXT,M2L,IGR,
C5A,D4T,IGR,
C5,D4T,IGR,
C4,D4T,IGR,
N3,D4T,IGR,
C2,D4T,IGR,
O2,D4T,IGR,
C6,D4T,IGR,
N1,D4T,IGR,
C1',D4T,IGR,
O4',D4T,IGR,
C2',D4T,IGR,
C3',D4T,IGR,
C4',D4T,IGR,
C5',D4T,IGR,
O5',D4T,IGR,
PA,D4T,IGR,
O1A,D4T,IGR,
O2A,D4T,IGR,
O6',D4T,IGR,
PB,D4T,IGR,
O2B,D4T,IGR,
O1B,D4T,IGR,
O7',D4T,IGR,
PC,D4T,IGR,
O3C,D4T,IGR,
O2C,D4T,IGR,
O1C,D4T,IGR,
O1P,SEP,IGR,
P,SEP,IGR,
O2P,SEP,IGR,
O3P,SEP,IGR,
OG,SEP,IGR,
CB,SEP,IGR,
CA,SEP,IGR,
N,SEP,IGR,
C,SEP,IGR,
O,SEP,IGR,
OXT,SEP,IGR,
CS,CS,IGR,
C8,GUN,IGR,
N7,GUN,IGR,
N9,GUN,IGR,
C4,GUN,IGR,
C5,GUN,IGR,
N3,GUN,IGR,
C2,GUN,IGR,
N2,GUN,IGR,
N1,GUN,IGR,
C6,GUN,IGR,
O6,GUN,IGR,
C17,RUD,IGR,
C18,RUD,IGR,
C19,RUD,IGR,
C23,RUD,IGR,
RU,RUD,IGR,
C20,RUD,IGR,
CL,RUD,IGR,
CL2,RUD,IGR,
C22,RUD,IGR,
C3,RUD,IGR,
P1,RUD,IGR,
C21,RUD,IGR,
C4,RUD,IGR,
C5,RUD,IGR,
N1,RUD,IGR,
C8,RUD,IGR,
N3,RUD,IGR,
C24,RUD,IGR,
C6,RUD,IGR,
C7,RUD,IGR,
C25,RUD,IGR,
N2,RUD,IGR,
C26,RUD,IGR,
O2,RUD,IGR,
O1,RUD,IGR,
O4,SIN,IGR,
C4,SIN,IGR,
O3,SIN,IGR,
C3,SIN,IGR,
C2,SIN,IGR,
C1,SIN,IGR,
O1,SIN,IGR,
O2,SIN,IGR,
OB1,FLC,IGR,
CBC,FLC,IGR,
OB2,FLC,IGR,
CB,FLC,IGR,
OHB,FLC,IGR,
CA,FLC,IGR,
CAC,FLC,IGR,
OA1,FLC,IGR,
OA2,FLC,IGR,
CG,FLC,IGR,
CGC,FLC,IGR,
OG2,FLC,IGR,
OG1,FLC,IGR,
S1,SF4,IGR,
S2,SF4,IGR,
S3,SF4,IGR,
S4,SF4,IGR,
FE1,SF4,IGR,
FE2,SF4,IGR,
FE3,SF4,IGR,
FE4,SF4,IGR,
C20,BER,IGR,
O4,BER,IGR,
C18,BER,IGR,
C15,BER,IGR,
O3,BER,IGR,
C19,BER,IGR,
C12,BER,IGR,
C16,BER,IGR,
C13,BER,IGR,
C8,BER,IGR,
C12,BER,IGR,
C6,BER,IGR,
C3,BER,IGR,
N1,BER,IGR,
C1,BER,IGR,
C7,BER,IGR,
C2,BER,IGR,
C10,BER,IGR,
C4,BER,IGR,
C9,BER,IGR,
C5,BER,IGR,
C14,BER,IGR,
C11,BER,IGR,
O1,BER,IGR,
O2,BER,IGR,
C17,BER,IGR,
O1G,TTP,IGR,
PG,TTP,IGR,
O3G,TTP,IGR,
O2G,TTP,IGR,
O3B,TTP,IGR,
O1B,TTP,IGR,
O2B,TTP,IGR,
PB,TTP,IGR,
O3A,TTP,IGR,
PA,TTP,IGR,
O2A,TTP,IGR,
O1A,TTP,IGR,
O5',TTP,IGR,
C5',TTP,IGR,
C4',TTP,IGR,
C3',TTP,IGR,
O3',TTP,IGR,
C2',TTP,IGR,
C1',TTP,IGR,
O4',TTP,IGR,
N1,TTP,IGR,
C2,TTP,IGR,
O2,TTP,IGR,
N3,TTP,IGR,
C4,TTP,IGR,
O4,TTP,IGR,
C6,TTP,IGR,
C5,TTP,IGR,
C5M,TTP,IGR,
OP1,DU,IGR,
P,DU,IGR,
OP2,DU,IGR,
OP3,DU,IGR,
O5',DU,IGR,
C5',DU,IGR,
C4',DU,IGR,
C3',DU,IGR,
O3',DU,IGR,
O4',DU,IGR,
C2',DU,IGR,
C1',DU,IGR,
N1,DU,IGR,
C6,DU,IGR,
C5,DU,IGR,
C4,DU,IGR,
O4,DU,IGR,
N3,DU,IGR,
C2,DU,IGR,
O2,DU,IGR,
N6,AMP,IGR,
C6,AMP,IGR,
N1,AMP,IGR,
C2,AMP,IGR,
C4,AMP,IGR,
C5,AMP,IGR,
N7,AMP,IGR,
C8,AMP,IGR,
N9,AMP,IGR,
C1',AMP,IGR,
C2',AMP,IGR,
O2',AMP,IGR,
O4',AMP,IGR,
C3',AMP,IGR,
O3',AMP,IGR,
C4',AMP,IGR,
C5',AMP,IGR,
O5',AMP,IGR,
P,AMP,IGR,
O1P,AMP,IGR,
O2P,AMP,IGR,
O3P,AMP,IGR,
N3,AMP,IGR,
CE1,CAS,IGR,
AS,CAS,IGR,
CE2,CAS,IGR,
SG,CAS,IGR,
CB,CAS,IGR,
CA,CAS,IGR,
N,CAS,IGR,
C,CAS,IGR,
O,CAS,IGR,
OXT,CAS,IGR,
O5,DPO,IGR,
O1,DPO,IGR,
O2,DPO,IGR,
O3,DPO,IGR,
O4,DPO,IGR,
O5,DPO,IGR,
O6,DPO,IGR,
O7,DPO,IGR,
P1,DPO,IGR,
P2,DPO,IGR,
O6,8DG,IGR,
C6,8DG,IGR,
N1,8DG,IGR,
C2,8DG,IGR,
N2,8DG,IGR,
N3,8DG,IGR,
C4,8DG,IGR,
C5,8DG,IGR,
N7,8DG,IGR,
C8,8DG,IGR,
O8,8DG,IGR,
N9,8DG,IGR,
C1',8DG,IGR,
O4',8DG,IGR,
C2',8DG,IGR,
C3',8DG,IGR,
O3',8DG,IGR,
C4',8DG,IGR,
C5',8DG,IGR,
O5',8DG,IGR,
PA,8DG,IGR,
O2A,8DG,IGR,
O1A,8DG,IGR,
O3A,8DG,IGR,
PB,8DG,IGR,
O1B,8DG,IGR,
O2B,8DG,IGR,
O3B,8DG,IGR,
PG,8DG,IGR,
O2G,8DG,IGR,
O3G,8DG,IGR,
O1G,8DG,IGR,
O2,AKG,IGR,
C1,AKG,IGR,
O1,AKG,IGR,
C2,AKG,IGR,
O5,AKG,IGR,
C3,AKG,IGR,
C4,AKG,IGR,
C5,AKG,IGR,
O3,AKG,IGR,
O4,AKG,IGR,
C1,CAC,IGR,
C2,CAC,IGR,
AS,CAC,IGR,
O1,CAC,IGR,
O2,CAC,IGR,
OP2,DT,IGR,
P,DT,IGR,
OP1,DT,IGR,
OP3,DT,IGR,
O5',DT,IGR,
C5',DT,IGR,
C4',DT,IGR,
C3',DT,IGR,
O4',DT,IGR,
O3',DT,IGR,
C2',DT,IGR,
C1',DT,IGR,
N1,DT,IGR,
C2,DT,IGR,
O2,DT,IGR,
N3,DT,IGR,
C6,DT,IGR,
C5,DT,IGR,
C7,DT,IGR,
C4,DT,IGR,
O4,DT,IGR,
O4,OGA,IGR,
O1,OGA,IGR,
O2,OGA,IGR,
O2',OGA,IGR,
O3,OGA,IGR,
C1,OGA,IGR,
C2,OGA,IGR,
N1,OGA,IGR,
C4,OGA,IGR,
C5,OGA,IGR,
N6,CMP,IGR,
C6,CMP,IGR,
N1,CMP,IGR,
C2,CMP,IGR,
N3,CMP,IGR,
C4,CMP,IGR,
C5,CMP,IGR,
N7,CMP,IGR,
C8,CMP,IGR,
N9,CMP,IGR,
C1',CMP,IGR,
O4',CMP,IGR,
C2',CMP,IGR,
O2',CMP,IGR,
C4',CMP,IGR,
C3',CMP,IGR,
C5',CMP,IGR,
O5',CMP,IGR,
P,CMP,IGR,
O1P,CMP,IGR,
O2P,CMP,IGR,
O3',CMP,IGR,
UNK,UNX,IGR,
NAD,H2N,IGR,
CAC,H2N,IGR,
CAB,H2N,IGR,
NAA,H2N,IGR,
N6,DDS,IGR,
C6,DDS,IGR,
N1,DDS,IGR,
C2,DDS,IGR,
N3,DDS,IGR,
C4,DDS,IGR,
C5,DDS,IGR,
N7,DDS,IGR,
C8,DDS,IGR,
N9,DDS,IGR,
C1',DDS,IGR,
C2',DDS,IGR,
C3',DDS,IGR,
O4',DDS,IGR,
C4',DDS,IGR,
C5',DDS,IGR,
O5',DDS,IGR,
PA,DDS,IGR,
O2A,DDS,IGR,
O1A,DDS,IGR,
O3A,DDS,IGR,
PB,DDS,IGR,
O1B,DDS,IGR,
O2B,DDS,IGR,
O3B,DDS,IGR,
PG,DDS,IGR,
O3G,DDS,IGR,
O1G,DDS,IGR,
O2G,DDS,IGR,
C34,EPH,IGR,
C33,EPH,IGR,
C32,EPH,IGR,
C31,EPH,IGR,
C30,EPH,IGR,
C29,EPH,IGR,
C28,EPH,IGR,
C27,EPH,IGR,
C26,EPH,IGR,
C25,EPH,IGR,
C24,EPH,IGR,
C23,EPH,IGR,
C22,EPH,IGR,
C21,EPH,IGR,
C20,EPH,IGR,
C19,EPH,IGR,
C18,EPH,IGR,
C35,EPH,IGR,
C36,EPH,IGR,
C17,EPH,IGR,
C16,EPH,IGR,
C15,EPH,IGR,
C14,EPH,IGR,
C13,EPH,IGR,
C12,EPH,IGR,
C11,EPH,IGR,
C10,EPH,IGR,
C9,EPH,IGR,
C8,EPH,IGR,
C7,EPH,IGR,
C6,EPH,IGR,
C5,EPH,IGR,
C4,EPH,IGR,
C3,EPH,IGR,
C2,EPH,IGR,
C1,EPH,IGR,
O4,EPH,IGR,
O2,EPH,IGR,
O1,EPH,IGR,
O3,EPH,IGR,
C37,EPH,IGR,
O5,EPH,IGR,
P1,EPH,IGR,
O7,EPH,IGR,
O6,EPH,IGR,
O8,EPH,IGR,
C38,EPH,IGR,
C39,EPH,IGR,
N1,EPH,IGR,
O1P,TMP,IGR,
O2P,TMP,IGR,
O3P,TMP,IGR,
P,TMP,IGR,
O5',TMP,IGR,
C5',TMP,IGR,
C4',TMP,IGR,
C3',TMP,IGR,
O3',TMP,IGR,
O4',TMP,IGR,
C2',TMP,IGR,
C1',TMP,IGR,
N1,TMP,IGR,
C2,TMP,IGR,
O2,TMP,IGR,
C6,TMP,IGR,
C5,TMP,IGR,
C5M,TMP,IGR,
C4,TMP,IGR,
O4,TMP,IGR,
N3,TMP,IGR,
C2,TMP,IGR,
O2,TMP,IGR,
O4,D4T,IGR,
C4,D4T,IGR,
C5,D4T,IGR,
C5A,D4T,IGR,
N3,D4T,IGR,
C6,D4T,IGR,
C2,D4T,IGR,
O2,D4T,IGR,
N1,D4T,IGR,
C1',D4T,IGR,
O4',D4T,IGR,
C2',D4T,IGR,
C3',D4T,IGR,
C4',D4T,IGR,
C5',D4T,IGR,
O5',D4T,IGR,
PA,D4T,IGR,
O1A,D4T,IGR,
O2A,D4T,IGR,
O6',D4T,IGR,
PB,D4T,IGR,
O1B,D4T,IGR,
O2B,D4T,IGR,
O7',D4T,IGR,
PC,D4T,IGR,
O3C,D4T,IGR,
O2C,D4T,IGR,
O1C,D4T,IGR,
O1G,1GC,IGR,
O3G,1GC,IGR,
PG,1GC,IGR,
O2G,1GC,IGR,
O3B,1GC,IGR,
PB,1GC,IGR,
O1B,1GC,IGR,
O2B,1GC,IGR,
C3A,1GC,IGR,
PA,1GC,IGR,
O1A,1GC,IGR,
O2A,1GC,IGR,
O5',1GC,IGR,
C5',1GC,IGR,
C4',1GC,IGR,
C3',1GC,IGR,
O3',1GC,IGR,
C2',1GC,IGR,
O4',1GC,IGR,
C1',1GC,IGR,
N9,1GC,IGR,
C8,1GC,IGR,
N7,1GC,IGR,
C5,1GC,IGR,
C4,1GC,IGR,
N3,1GC,IGR,
C2,1GC,IGR,
N2,1GC,IGR,
N1,1GC,IGR,
C6,1GC,IGR,
O6,1GC,IGR,
O6,HEZ,IGR,
C6,HEZ,IGR,
C5,HEZ,IGR,
C4,HEZ,IGR,
C3,HEZ,IGR,
C2,HEZ,IGR,
C1,HEZ,IGR,
O1,HEZ,IGR,
O6,CGL,IGR,
C6,CGL,IGR,
C5,CGL,IGR,
C4,CGL,IGR,
O4,CGL,IGR,
C3,CGL,IGR,
O3,CGL,IGR,
O5,CGL,IGR,
C1,CGL,IGR,
O1,CGL,IGR,
C2,CGL,IGR,
O2,CGL,IGR,
C1',CGL,IGR,
C2',CGL,IGR,
C3',CGL,IGR,
C4',CGL,IGR,
C5',CGL,IGR,
C6',CGL,IGR,
C7',CGL,IGR,
C8',CGL,IGR,
C38,RFP,IGR,
N4,RFP,IGR,
C42,RFP,IGR,
C41,RFP,IGR,
C39,RFP,IGR,
C40,RFP,IGR,
N3,RFP,IGR,
N2,RFP,IGR,
C43,RFP,IGR,
C3,RFP,IGR,
C2,RFP,IGR,
C1,RFP,IGR,
O1,RFP,IGR,
C9,RFP,IGR,
C10,RFP,IGR,
C4,RFP,IGR,
O12,RFP,IGR,
C8,RFP,IGR,
O2,RFP,IGR,
C7,RFP,IGR,
C14,RFP,IGR,
C6,RFP,IGR,
C5,RFP,IGR,
O3,RFP,IGR,
C11,RFP,IGR,
O4,RFP,IGR,
C13,RFP,IGR,
C12,RFP,IGR,
O5,RFP,IGR,
C29,RFP,IGR,
C28,RFP,IGR,
O6,RFP,IGR,
C37,RFP,IGR,
C27,RFP,IGR,
C26,RFP,IGR,
C34,RFP,IGR,
C25,RFP,IGR,
O7,RFP,IGR,
C35,RFP,IGR,
C36,RFP,IGR,
O8,RFP,IGR,
C24,RFP,IGR,
C33,RFP,IGR,
C23,RFP,IGR,
O9,RFP,IGR,
C22,RFP,IGR,
C32,RFP,IGR,
C21,RFP,IGR,
O10,RFP,IGR,
C20,RFP,IGR,
C31,RFP,IGR,
C19,RFP,IGR,
C18,RFP,IGR,
C17,RFP,IGR,
C16,RFP,IGR,
C30,RFP,IGR,
C15,RFP,IGR,
O11,RFP,IGR,
N1,RFP,IGR,
O5',3D1,IGR,
C5',3D1,IGR,
C4',3D1,IGR,
O4',3D1,IGR,
C1',3D1,IGR,
C2',3D1,IGR,
C3',3D1,IGR,
O3',3D1,IGR,
N9,3D1,IGR,
C8,3D1,IGR,
N7,3D1,IGR,
C5,3D1,IGR,
C4,3D1,IGR,
N3,3D1,IGR,
C2,3D1,IGR,
N1,3D1,IGR,
C6,3D1,IGR,
N6,3D1,IGR,
RU,RU,IGR,
N6,ACP,IGR,
C6,ACP,IGR,
N1,ACP,IGR,
C2,ACP,IGR,
N3,ACP,IGR,
C4,ACP,IGR,
C5,ACP,IGR,
N7,ACP,IGR,
C8,ACP,IGR,
N9,ACP,IGR,
C1',ACP,IGR,
C2',ACP,IGR,
O2',ACP,IGR,
O4',ACP,IGR,
C3',ACP,IGR,
C4',ACP,IGR,
C5',ACP,IGR,
O5',ACP,IGR,
PA,ACP,IGR,
O1A,ACP,IGR,
O2A,ACP,IGR,
O3A,ACP,IGR,
PB,ACP,IGR,
O1B,ACP,IGR,
O2B,ACP,IGR,
C3B,ACP,IGR,
PG,ACP,IGR,
O3G,ACP,IGR,
O2G,ACP,IGR,
O1G,ACP,IGR,
O12,FI8,IGR,
C37,FI8,IGR,
C36,FI8,IGR,
CL1,FI8,IGR,
C35,FI8,IGR,
C38,FI8,IGR,
CL2,FI8,IGR,
C39,FI8,IGR,
C40,FI8,IGR,
C41,FI8,IGR,
C34,FI8,IGR,
C33,FI8,IGR,
O11,FI8,IGR,
O10,FI8,IGR,
C29,FI8,IGR,
C28,FI8,IGR,
O8,FI8,IGR,
C30,FI8,IGR,
C31,FI8,IGR,
O7,FI8,IGR,
C27,FI8,IGR,
O9,FI8,IGR,
C32,FI8,IGR,
C26,FI8,IGR,
O6,FI8,IGR,
C1,FI8,IGR,
C3,FI8,IGR,
C4,FI8,IGR,
C5,FI8,IGR,
C6,FI8,IGR,
C7,FI8,IGR,
C8,FI8,IGR,
O3,FI8,IGR,
C9,FI8,IGR,
C21,FI8,IGR,
C10,FI8,IGR,
C11,FI8,IGR,
C22,FI8,IGR,
C23,FI8,IGR,
C2,FI8,IGR,
O2,FI8,IGR,
O1,FI8,IGR,
C18,FI8,IGR,
C19,FI8,IGR,
O5A,FI8,IGR,
C20,FI8,IGR,
C17,FI8,IGR,
C16,FI8,IGR,
C15,FI8,IGR,
C25,FI8,IGR,
C14,FI8,IGR,
C13,FI8,IGR,
C12,FI8,IGR,
O4,FI8,IGR,
C42,FI8,IGR,
C43,FI8,IGR,
O15,FI8,IGR,
C44,FI8,IGR,
O16,FI8,IGR,
O14,FI8,IGR,
C46,FI8,IGR,
C47,FI8,IGR,
C48,FI8,IGR,
C45,FI8,IGR,
O17,FI8,IGR,
C49,FI8,IGR,
O18,FI8,IGR,
C50,FI8,IGR,
C52,FI8,IGR,
C51,FI8,IGR,
C7,6MP,IGR,
C6,6MP,IGR,
N1,6MP,IGR,
C2,6MP,IGR,
N3,6MP,IGR,
C4,6MP,IGR,
C5,6MP,IGR,
N7,6MP,IGR,
C8,6MP,IGR,
N9,6MP,IGR,
C5,RRK,IGR,
C6,RRK,IGR,
C4,RRK,IGR,
C7,RRK,IGR,
C3,RRK,IGR,
C2,RRK,IGR,
C1,RRK,IGR,
N2,RRK,IGR,
C8,RRK,IGR,
N1,RRK,IGR,
C9,RRK,IGR,
C10,RRK,IGR,
C14,RRK,IGR,
C11,RRK,IGR,
C13,RRK,IGR,
C12,RRK,IGR,
N6A,NAJ,IGR,
C6A,NAJ,IGR,
N1A,NAJ,IGR,
C2A,NAJ,IGR,
N3A,NAJ,IGR,
C4A,NAJ,IGR,
C5A,NAJ,IGR,
N7A,NAJ,IGR,
C8A,NAJ,IGR,
N9A,NAJ,IGR,
C1B,NAJ,IGR,
C2B,NAJ,IGR,
O2B,NAJ,IGR,
C3B,NAJ,IGR,
O3B,NAJ,IGR,
O4B,NAJ,IGR,
C4B,NAJ,IGR,
C5B,NAJ,IGR,
O5B,NAJ,IGR,
PA,NAJ,IGR,
O1A,NAJ,IGR,
O2A,NAJ,IGR,
O3,NAJ,IGR,
PN,NAJ,IGR,
O2N,NAJ,IGR,
O1N,NAJ,IGR,
O5D,NAJ,IGR,
C5D,NAJ,IGR,
C4D,NAJ,IGR,
O4D,NAJ,IGR,
C3D,NAJ,IGR,
O3D,NAJ,IGR,
C2D,NAJ,IGR,
O2D,NAJ,IGR,
C1D,NAJ,IGR,
N1N,NAJ,IGR,
C6N,NAJ,IGR,
C5N,NAJ,IGR,
C4N,NAJ,IGR,
C2N,NAJ,IGR,
C3N,NAJ,IGR,
C7N,NAJ,IGR,
O7N,NAJ,IGR,
N7N,NAJ,IGR,
OP2,C,IGR,
OP1,C,IGR,
OP3,C,IGR,
P,C,IGR,
O5',C,IGR,
C5',C,IGR,
C4',C,IGR,
O4',C,IGR,
C3',C,IGR,
O3',C,IGR,
C2',C,IGR,
O2',C,IGR,
C1',C,IGR,
N1,C,IGR,
C2,C,IGR,
O2,C,IGR,
C6,C,IGR,
N3,C,IGR,
C5,C,IGR,
C4,C,IGR,
N4,C,IGR,
O3B,DDY,IGR,
PB,DDY,IGR,
O2B,DDY,IGR,
O1B,DDY,IGR,
O3A,DDY,IGR,
O5',DDY,IGR,
C5',DDY,IGR,
C4',DDY,IGR,
O4',DDY,IGR,
C3',DDY,IGR,
C2',DDY,IGR,
C1',DDY,IGR,
N1,DDY,IGR,
C6,DDY,IGR,
C2,DDY,IGR,
O2,DDY,IGR,
C5,DDY,IGR,
C4,DDY,IGR,
N3,DDY,IGR,
N4,DDY,IGR,
O13,MTT,IGR,
C13,MTT,IGR,
C14,MTT,IGR,
O14,MTT,IGR,
C15,MTT,IGR,
C16,MTT,IGR,
O15,MTT,IGR,
O16,MTT,IGR,
C11,MTT,IGR,
C12,MTT,IGR,
O12,MTT,IGR,
O24,MTT,IGR,
C24,MTT,IGR,
C23,MTT,IGR,
O23,MTT,IGR,
C25,MTT,IGR,
C26,MTT,IGR,
O26,MTT,IGR,
O25,MTT,IGR,
C21,MTT,IGR,
O34,MTT,IGR,
C34,MTT,IGR,
C33,MTT,IGR,
O33,MTT,IGR,
C32,MTT,IGR,
O32,MTT,IGR,
C35,MTT,IGR,
C36,MTT,IGR,
O36,MTT,IGR,
O35,MTT,IGR,
C31,MTT,IGR,
O44,MTT,IGR,
C44,MTT,IGR,
C45,MTT,IGR,
C46,MTT,IGR,
O46,MTT,IGR,
O45,MTT,IGR,
C41,MTT,IGR,
O41,MTT,IGR,
C42,MTT,IGR,
O42,MTT,IGR,
C43,MTT,IGR,
O43,MTT,IGR,
OXT,SFG,IGR,
C,SFG,IGR,
O,SFG,IGR,
CA,SFG,IGR,
N,SFG,IGR,
CB,SFG,IGR,
CG,SFG,IGR,
CD,SFG,IGR,
NE,SFG,IGR,
C5',SFG,IGR,
C4',SFG,IGR,
O4',SFG,IGR,
C3',SFG,IGR,
O3',SFG,IGR,
C2',SFG,IGR,
O2',SFG,IGR,
C1',SFG,IGR,
N9,SFG,IGR,
C8,SFG,IGR,
N7,SFG,IGR,
C5,SFG,IGR,
C4,SFG,IGR,
N3,SFG,IGR,
C2,SFG,IGR,
N1,SFG,IGR,
C6,SFG,IGR,
N6,SFG,IGR,
OAB,A9Y,IGR,
CAP,A9Y,IGR,
CAR,A9Y,IGR,
CAH,A9Y,IGR,
CAD,A9Y,IGR,
CAE,A9Y,IGR,
CAI,A9Y,IGR,
CAT,A9Y,IGR,
OAO,A9Y,IGR,
CAY,A9Y,IGR,
CAV,A9Y,IGR,
CAQ,A9Y,IGR,
CAA,A9Y,IGR,
NAM,A9Y,IGR,
NAZ,A9Y,IGR,
CAS,A9Y,IGR,
OAC,A9Y,IGR,
NAZ,A9Y,IGR,
CAU,A9Y,IGR,
NAN,A9Y,IGR,
NAL,A9Y,IGR,
CAX,A9Y,IGR,
CAW,A9Y,IGR,
NAJ,A9Y,IGR,
CAF,A9Y,IGR,
CAG,A9Y,IGR,
CAK,A9Y,IGR,
N5,NCO,IGR,
N1,NCO,IGR,
N2,NCO,IGR,
N3,NCO,IGR,
N4,NCO,IGR,
N6,NCO,IGR,
CO,NCO,IGR,
O11,914,IGR,
O10,914,IGR,
P3,914,IGR,
O7,914,IGR,
O6,914,IGR,
P2,914,IGR,
O5,914,IGR,
O9,914,IGR,
O4,914,IGR,
P1,914,IGR,
O8,914,IGR,
O3,914,IGR,
C10,914,IGR,
O2,914,IGR,
C1,914,IGR,
C2,914,IGR,
C3,914,IGR,
F1,914,IGR,
O1,914,IGR,
C4,914,IGR,
N1,914,IGR,
C7,914,IGR,
N2,914,IGR,
C5,914,IGR,
C6,914,IGR,
N3,914,IGR,
C8,914,IGR,
N4,914,IGR,
C9,914,IGR,
N5,914,IGR,
O,SMC,IGR,
OXT,SMC,IGR,
C,SMC,IGR,
CA,SMC,IGR,
N,SMC,IGR,
CB,SMC,IGR,
SG,SMC,IGR,
CS,SMC,IGR,
N4,DCM,IGR,
C4,DCM,IGR,
C5,DCM,IGR,
N3,DCM,IGR,
C6,DCM,IGR,
C2,DCM,IGR,
N1,DCM,IGR,
O2,DCM,IGR,
C1',DCM,IGR,
C2',DCM,IGR,
O4',DCM,IGR,
C3',DCM,IGR,
O3',DCM,IGR,
C4',DCM,IGR,
C5',DCM,IGR,
O5',DCM,IGR,
P,DCM,IGR,
O1P,DCM,IGR,
O3P,DCM,IGR,
O2P,DCM,IGR,
CA,XL3,IGR,
CB,XL3,IGR,
CC,XL3,IGR,
SG,XL3,IGR,
O2G,G2P,IGR,
O1G,G2P,IGR,
O3G,G2P,IGR,
PG,G2P,IGR,
O3B,G2P,IGR,
PB,G2P,IGR,
O2B,G2P,IGR,
O1B,G2P,IGR,
C2A,G2P,IGR,
PA,G2P,IGR,
O2A,G2P,IGR,
O1A,G2P,IGR,
O5',G2P,IGR,
C5',G2P,IGR,
C4',G2P,IGR,
O4',G2P,IGR,
C3',G2P,IGR,
O3',G2P,IGR,
C2',G2P,IGR,
C1',G2P,IGR,
O2',G2P,IGR,
N9,G2P,IGR,
C8,G2P,IGR,
N7,G2P,IGR,
C5,G2P,IGR,
C4,G2P,IGR,
N3,G2P,IGR,
C2,G2P,IGR,
N2,G2P,IGR,
N1,G2P,IGR,
C6,G2P,IGR,
O6,G2P,IGR,
CM1,M2L,IGR,
NZ,M2L,IGR,
CM2,M2L,IGR,
CE,M2L,IGR,
CD,M2L,IGR,
SG,M2L,IGR,
CB,M2L,IGR,
CA,M2L,IGR,
N,M2L,IGR,
C,M2L,IGR,
OXT,M2L,IGR,
O,M2L,IGR,
F1,1MK,IGR,
C10,1MK,IGR,
C11,1MK,IGR,
C12,1MK,IGR,
C9,1MK,IGR,
C8,1MK,IGR,
C7,1MK,IGR,
N2,1MK,IGR,
C6,1MK,IGR,
C5,1MK,IGR,
C4,1MK,IGR,
C3,1MK,IGR,
C2,1MK,IGR,
C1,1MK,IGR,
N1,1MK,IGR,
C22,1MK,IGR,
C21,1MK,IGR,
C20,1MK,IGR,
C19,1MK,IGR,
C18,1MK,IGR,
C17,1MK,IGR,
C16,1MK,IGR,
C15,1MK,IGR,
C14,1MK,IGR,
C13,1MK,IGR,
S1,1MK,IGR,
CL1,1MK,IGR,
OS1,1MK,IGR,
O1,LDA,IGR,
CM1,LDA,IGR,
CM2,LDA,IGR,
N1,LDA,IGR,
C1,LDA,IGR,
C2,LDA,IGR,
C3,LDA,IGR,
C4,LDA,IGR,
C5,LDA,IGR,
C6,LDA,IGR,
C7,LDA,IGR,
C8,LDA,IGR,
C9,LDA,IGR,
C10,LDA,IGR,
C11,LDA,IGR,
C12,LDA,IGR,
O3,23T,IGR,
C5M,23T,IGR,
C4,23T,IGR,
C5,23T,IGR,
N3,23T,IGR,
C2,23T,IGR,
O2,23T,IGR,
C6,23T,IGR,
N1,23T,IGR,
C1',23T,IGR,
C2',23T,IGR,
O4',23T,IGR,
C3',23T,IGR,
C4',23T,IGR,
C5',23T,IGR,
O5',23T,IGR,
PA,23T,IGR,
O1A,23T,IGR,
O2A,23T,IGR,
O3A,23T,IGR,
PB,23T,IGR,
O1B,23T,IGR,
O2B,23T,IGR,
O3B,23T,IGR,
PG,23T,IGR,
O2G,23T,IGR,
O3G,23T,IGR,
O1G,23T,IGR,
O6,NGA,IGR,
C6,NGA,IGR,
C5,NGA,IGR,
O5,NGA,IGR,
C1,NGA,IGR,
O1,NGA,IGR,
C2,NGA,IGR,
C3,NGA,IGR,
C4,NGA,IGR,
O4,NGA,IGR,
O3,NGA,IGR,
N2,NGA,IGR,
O7,NGA,IGR,
C7,NGA,IGR,
C8,NGA,IGR,
N1,TAU,IGR,
C1,TAU,IGR,
C2,TAU,IGR,
S,TAU,IGR,
O3,TAU,IGR,
O2,TAU,IGR,
O1,TAU,IGR,
N4,CTN,IGR,
C4,CTN,IGR,
N3,CTN,IGR,
C5,CTN,IGR,
C6,CTN,IGR,
C2,CTN,IGR,
O2,CTN,IGR,
N1,CTN,IGR,
C1',CTN,IGR,
O4',CTN,IGR,
C2',CTN,IGR,
O2',CTN,IGR,
C3',CTN,IGR,
O3',CTN,IGR,
C4',CTN,IGR,
C5',CTN,IGR,
O5',CTN,IGR,
O1G,A5J,IGR,
PG,A5J,IGR,
O2G,A5J,IGR,
O3G,A5J,IGR,
O3B,A5J,IGR,
PB,A5J,IGR,
O1B,A5J,IGR,
O2B,A5J,IGR,
O3A,A5J,IGR,
PA,A5J,IGR,
O2A,A5J,IGR,
O1A,A5J,IGR,
O5',A5J,IGR,
C5',A5J,IGR,
C4',A5J,IGR,
O4',A5J,IGR,
C3',A5J,IGR,
O3',A5J,IGR,
C2',A5J,IGR,
C1',A5J,IGR,
C1,A5J,IGR,
C6,A5J,IGR,
C2,A5J,IGR,
O2,A5J,IGR,
N3,A5J,IGR,
C4,A5J,IGR,
N4,A5J,IGR,
C5,A5J,IGR,
N,A5J,IGR,
ON2,A5J,IGR,
ON1,A5J,IGR,
O6,BGL,IGR,
C6,BGL,IGR,
C5,BGL,IGR,
O5,BGL,IGR,
C4,BGL,IGR,
O4,BGL,IGR,
C3,BGL,IGR,
O3,BGL,IGR,
C1,BGL,IGR,
O1,BGL,IGR,
C2,BGL,IGR,
O2,BGL,IGR,
C1',BGL,IGR,
C2',BGL,IGR,
C3',BGL,IGR,
C4',BGL,IGR,
C5',BGL,IGR,
C6',BGL,IGR,
C7',BGL,IGR,
C8',BGL,IGR,
C28,LAE,IGR,
C25,LAE,IGR,
C22,LAE,IGR,
C19,LAE,IGR,
C18,LAE,IGR,
C15,LAE,IGR,
O36,LAE,IGR,
C14,LAE,IGR,
C13,LAE,IGR,
O35,LAE,IGR,
N11,LAE,IGR,
C1,LAE,IGR,
C2,LAE,IGR,
O10,LAE,IGR,
O3,LAE,IGR,
C5,LAE,IGR,
C4,LAE,IGR,
O2,BGC,IGR,
C2,BGC,IGR,
C1,BGC,IGR,
O1,BGC,IGR,
O5,BGC,IGR,
C5,BGC,IGR,
C4,BGC,IGR,
C3,BGC,IGR,
O3,BGC,IGR,
O1,BGC,IGR,
O4,BGC,IGR,
C6,BGC,IGR,
O6,BGC,IGR,
O8,OXG,IGR,
C8,OXG,IGR,
N7,OXG,IGR,
C5,OXG,IGR,
C6,OXG,IGR,
O6,OXG,IGR,
N1,OXG,IGR,
C2,OXG,IGR,
N2,OXG,IGR,
N3,OXG,IGR,
C4,OXG,IGR,
N9,OXG,IGR,
O6,BU1,IGR,
C4,BU1,IGR,
C3,BU1,IGR,
C2,BU1,IGR,
C1,BU1,IGR,
O5,BU1,IGR,
OP1,U,IGR,
P,U,IGR,
OP2,U,IGR,
OP3,U,IGR,
O5',U,IGR,
C5',U,IGR,
C4',U,IGR,
C3',U,IGR,
O3',U,IGR,
O4',U,IGR,
C2',U,IGR,
O2',U,IGR,
C1',U,IGR,
N1,U,IGR,
C2,U,IGR,
O2,U,IGR,
N3,U,IGR,
C6,U,IGR,
C5,U,IGR,
C4,U,IGR,
O4,U,IGR,
C1,ELJ,IGR,
C1,4A6,IGR,
C2,4A6,IGR,
C10,4A6,IGR,
C9,4A6,IGR,
RU,4A6,IGR,
C3,4A6,IGR,
C4,4A6,IGR,
C5,4A6,IGR,
C6,4A6,IGR,
C8,4A6,IGR,
C7,4A6,IGR,
CM,MLZ,IGR,
NZ,MLZ,IGR,
CE,MLZ,IGR,
CD,MLZ,IGR,
CG,MLZ,IGR,
CB,MLZ,IGR,
CA,MLZ,IGR,
N,MLZ,IGR,
C,MLZ,IGR,
OXT,MLZ,IGR,
O,MLZ,IGR,
O1G,F2A,IGR,
PG,F2A,IGR,
O3G,F2A,IGR,
O2G,F2A,IGR,
O3B,F2A,IGR,
PB,F2A,IGR,
O1B,F2A,IGR,
O2B,F2A,IGR,
C3A,F2A,IGR,
PA,F2A,IGR,
O2A,F2A,IGR,
O1A,F2A,IGR,
O5',F2A,IGR,
C5',F2A,IGR,
C4',F2A,IGR,
O4',F2A,IGR,
C3',F2A,IGR,
O3',F2A,IGR,
C2',F2A,IGR,
C1',F2A,IGR,
N9,F2A,IGR,
C8,F2A,IGR,
N7,F2A,IGR,
C5,F2A,IGR,
C4,F2A,IGR,
N3,F2A,IGR,
C2,F2A,IGR,
N1,F2A,IGR,
C6,F2A,IGR,
N6,F2A,IGR,
O2,MYR,IGR,
C1,MYR,IGR,
O1,MYR,IGR,
C2,MYR,IGR,
C3,MYR,IGR,
C4,MYR,IGR,
C5,MYR,IGR,
C6,MYR,IGR,
C7,MYR,IGR,
C8,MYR,IGR,
C9,MYR,IGR,
C10,MYR,IGR,
C11,MYR,IGR,
C12,MYR,IGR,
C13,MYR,IGR
C14,MYR,IGR,
N1,SSK,IGR,
N2,SSK,IGR,
C1,SSK,IGR,
C2,SSK,IGR,
C3,SSK,IGR,
C4,SSK,IGR,
C5,SSK,IGR,
C6,SSK,IGR,
C7,SSK,IGR,
C8,SSK,IGR,
C9,SSK,IGR,
C10,SSK,IGR,
C11,SSK,IGR,
C12,SSK,IGR,
C13,SSK,IGR,
C14,SSK,IGR,
CAE,AE7,IGR,
CAD,AE7,IGR,
CAH,AE7,IGR,
CAR,AE7,IGR,
CAI,AE7,IGR,
CAT,AE7,IGR,
CAY,AE7,IGR,
OAN,AE7,IGR,
CAP,AE7,IGR,
OAB,AE7,IGR,
CAV,AE7,IGR,
CAQ,AE7,IGR,
CAA,AE7,IGR,
NAM,AE7,IGR,
CASS,AE7,IGR,
OAC,AE7,IGR,
NAZ,AE7,IGR,
CAU,AE7,IGR,
SAO,AE7,IGR,
NAL,AE7,IGR,
CAX,AE7,IGR,
CAW,AE7,IGR,
CAK,AE7,IGR,
CAG,AE7,IGR,
CAF,AE7,IGR,
CAJ,AE7,IGR,
C25,RHQ,IGR,
C24,RHQ,IGR,
N2,RHQ,IGR,
C5,RHQ,IGR,
C4,RHQ,IGR,
C21,RHQ,IGR,
C3,RHQ,IGR,
C6,RHQ,IGR,
C3,RHQ,IGR,
C1,RHQ,IGR,
C2,RHQ,IGR,
O1,RHQ,IGR,
C7,RHQ,IGR,
C10,RHQ,IGR,
C11,RHQ,IGR,
C23,RHQ,IGR,
C22,RHQ,IGR,
C12,RHQ,IGR,
C20,RHQ,IGR,
C13,RHQ,IGR,
C8,RHQ,IGR,
C9,RHQ,IGR,
C14,RHQ,IGR,
C15,RHQ,IGR,
C16,RHQ,IGR,
C17,RHQ,IGR,
C19,RHQ,IGR,
C26,RHQ,IGR,
O27,RHQ,IGR,
C18,RHQ,IGR,
O2,RHQ,IGR,
C28,RHQ,IGR,
C29,RHQ,IGR,
O2,3C4,IGR,
C,3C4,IGR,
O1,3C4,IGR,
CG,3C4,IGR,
CA,3C4,IGR,
CD1,3C4,IGR,
CD2,3C4,IGR,
CE2,3C4,IGR,
CE1,3C4,IGR,
CL,3C4,IGR,
CZ,3C4,IGR,
OH,3C4,IGR,
OP2,FA2,IGR,
OP1,FA2,IGR,
OP3,FA2,IGR,
P,FA2,IGR,
O3',FA2,IGR,
C3',FA2,IGR,
C4',FA2,IGR,
O4',FA2,IGR,
C2',FA2,IGR,
O2',FA2,IGR,
C1',FA2,IGR,
N9,FA2,IGR,
C8,FA2,IGR,
N7,FA2,IGR,
C5,FA2,IGR,
C4,FA2,IGR,
N3,FA2,IGR,
C2,FA2,IGR,
N1,FA2,IGR,
C6,FA2,IGR,
N6,FA2,IGR,
O5,SOR,IGR,
N8,OTS,IGR,
C8,OTS,IGR,
C7,OTS,IGR,
O7,OTS,IGR,
C1,OTS,IGR,
C6,OTS,IGR,
C2,OTS,IGR,
C5,OTS,IGR,
C3,OTS,IGR,
C4,OTS,IGR,
O4,OTS,IGR,
N1,SPM,IGR,
C2,SPM,IGR,
C3,SPM,IGR,
C4,SPM,IGR,
N5,SPM,IGR,
C6,SPM,IGR,
C7,SPM,IGR,
C8,SPM,IGR,
C9,SPM,IGR,
N10,SPM,IGR,
C11,SPM,IGR,
C12,SPM,IGR,
C13,SPM,IGR,
N14,SPM,IGR,
O,HSL,IGR,
C,HSL,IGR,
CA,HSL,IGR,
N,HSL,IGR,
CB,HSL,IGR,
CG,HSL,IGR,
OD,HSL,IGR,
F1,AF3,IGR,
F2,AF3,IGR,
F3,AF3,IGR,
AL,AF3,IGR,
NO1,1SY,IGR,
C6,1SY,IGR,
N1,1SY,IGR,
C2,1SY,IGR,
N3,1SY,IGR,
C4,1SY,IGR,
C5,1SY,IGR,
N7,1SY,IGR,
C8,1SY,IGR,
N9,1SY,IGR,
C',1SY,IGR,
O4',1SY,IGR,
C4',1SY,IGR,
C3',1SY,IGR,
C2',1SY,IGR,
O28,1SY,IGR,
O2',1SY,IGR,
P27,1SY,IGR,
O30,1SY,IGR,
O29,1SY,IGR,
O26,1SY,IGR,
C25,1SY,IGR,
C24,1SY,IGR,
O31,1SY,IGR,
O23,1SY,IGR,
C22,1SY,IGR,
C32,1SY,IGR,
C21,1SY,IGR,
N33,1SY,IGR,
C34,1SY,IGR,
N35,1SY,IGR,
P18,1SY,IGR,
O20,1SY,IGR,
O44,1SY,IGR,
C36,1SY,IGR,
C37,1SY,IGR,
O19,1SY,IGR,
N42,1SY,IGR,
C38,1SY,IGR,
O43,1SY,IGR,
N39,1SY,IGR,
C40,1SY,IGR,
N41,1SY,IGR,
N8,ANG,IGR,
C8,ANG,IGR,
N9,ANG,IGR,
N7,ANG,IGR,
C5,ANG,IGR,
C4,ANG,IGR,
N3,ANG,IGR,
C2,ANG,IGR,
N2,ANG,IGR,
N1,ANG,IGR,
C6,ANG,IGR,
O6,ANG,IGR,
O3,MDN,IGR,
O2,MDN,IGR,
O1,MDN,IGR,
P1,MDN,IGR,
C4,MDN,IGR,
P5,MDN,IGR,
O8,MDN,IGR,
O6,MDN,IGR,
O7,MDN,IGR,
O14,KNG,IGR,
C44,KNG,IGR,
O15,KNG,IGR,
C43,KNG,IGR,
C40,KNG,IGR,
C41,KNG,IGR,
C42,KNG,IGR,
C39,KNG,IGR,
O13,KNG,IGR,
O12,KNG,IGR,
C31,KNG,IGR,
C38,KNG,IGR,
C20,KNG,IGR,
C19,KNG,IGR,
C18,KNG,IGR,
C17,KNG,IGR,
C16,KNG,IGR,
C30,KNG,IGR,
C15,KNG,IGR,
O10,KNG,IGR,
N01,KNG,IGR,
C02,KNG,IGR,
C03,KNG,IGR,
C01,KNG,IGR,
O01,KNG,IGR,
C09,KNG,IGR,
C04,KNG,IGR,
O11,KNG,IGR,
C10,KNG,IGR,
C08,KNG,IGR,
O02,KNG,IGR,
C07,KNG,IGR,
C14,KNG,IGR,
C05,KNG,IGR,
C06,KNG,IGR,
C11,KNG,IGR,
O04,KNG,IGR,
O03,KNG,IGR,
C12,KNG,IGR,
C13,KNG,IGR,
O05,KNG,IGR,
C29,KNG,IGR,
C28,KNG,IGR,
C27,KNG,IGR,
O06,KNG,IGR,
C37,KNG,IGR,
O16,KNG,IGR,
C48,KNG,IGR,
C49,KNG,IGR,
C47,KNG,IGR,
O17,KNG,IGR,
C50,KNG,IGR,
O18,KNG,IGR,
C46,KNG,IGR,
C45,KNG,IGR,
C26,KNG,IGR,
C34,KNG,IGR,
C25,KNG,IGR,
O07,KNG,IGR,
C35,KNG,IGR,
O08,KNG,IGR,
C33,KNG,IGR,
C36,KNG,IGR,
C25,KNG,IGR,
C24,KNG,IGR,
C23,KNG,IGR,
O19,KNG,IGR,
C22,KNG,IGR,
C32,KNG,IGR,
C21,KNG,IGR,
O09,KNG,IGR,
CAA,ZZX,IGR,
CAM,ZZX,IGR,
NBD,ZZX,IGR,
CAO,ZZX,IGR,
CAS,ZZX,IGR,
OAE,ZZX,IGR,
CAY,ZZX,IGR,
CAW,ZZX,IGR,
OAG,ZZX,IGR,
CBA,ZZX,IGR,
CAZ,ZZX,IGR,
OAF,ZZX,IGR,
NBE,ZZX,IGR,
NAP,ZZX,IGR,
CAX,ZZX,IGR,
CBB,ZZX,IGR,
NBF,ZZX,IGR,
CBC,ZZX,IGR,
CAC,ZZX,IGR,
NAQ,ZZX,IGR,
CAR,ZZX,IGR,
OAD,ZZX,IGR,
CAB,ZZX,IGR,
CAN,ZZX,IGR,
CAU,ZZX,IGR,
CAL,ZZX,IGR,
CAK,ZZX,IGR,
CAJ,ZZX,IGR,
CAT,ZZX,IGR,
CAV,ZZX,IGR,
CLAI,ZZX,IGR,
FAH,ZZX,IGR,
FAF,VHT,IGR,
CAV,VHT,IGR,
CAJ,VHT,IGR,
CAM,VHT,IGR,
CAK,VHT,IGR,
CAW,VHT,IGR,
FAG,VHT,IGR,
CAX,VHT,IGR,
CAO,VHT,IGR,
NAQ,VHT,IGR,
CAU,VHT,IGR,
OAC,VHT,IGR,
CAZ,VHT,IGR,
CBA,VHT,IGR,
OAD,VHT,IGR,
NBD,VHT,IGR,
OAE,VHT,IGR,
CBC,VHT,IGR,
NAP,VHT,IGR,
CAI,VHT,IGR,
CAH,VHT,IGR,
CAL,VHT,IGR,
CBB,VHT,IGR,
CAY,VHT,IGR,
N,VHT,IGR,
CA,VHT,IGR,
C,VHT,IGR,
O,VHT,IGR,
OAS,VHT,IGR,
CAA,VHT,IGR,
CA,BXL,IGR,
C2,BXL,IGR,
C3,BXL,IGR,
C4,BXL,IGR,
C5,BXL,IGR,
C6,BXL,IGR,
C7,BXL,IGR,
N1,BXL,IGR,
O1,BXL,IGR,
C8,BXL,IGR,
C9,BXL,IGR,
C10,BXL,IGR,
C11,BXL,IGR,
C12,BXL,IGR,
C13,BXL,IGR,
C14,BXL,IGR,
O2,BXL,IGR,
N2,BXL,IGR,
C15,BXL,IGR,
C16,BXL,IGR,
C17,BXL,IGR,
C18,BXL,IGR,
C19,BXL,IGR,
C20,BXL,IGR,
N3,BXL,IGR,
CL,CI4,IGR,
CAP,CI4,IGR,
CAK,CI4,IGR,
CAQ,CI4,IGR,
CAI,CI4,IGR,
CAN,CI4,IGR,
FAE,CI4,IGR,
CAH,CI4,IGR,
CA0,CI4,IGR,
NAV,CI4,IGR,
CAR,CI4,IGR,
HAR,CI4,IGR,
CAT,CI4,IGR,
CAU,CI4,IGR,
CAS,CI4,IGR,
OAB,CI4,IGR,
CAO,CI4,IGR,
CAM,CI4,IGR,
CAG,CI4,IGR,
OAC,CI4,IGR,
OAD,CI4,IGR,
CAJ,CI4,IGR,
FAE,ZYP,IGR,
CAV,ZYP,IGR,
CAI,ZYP,IGR,
HAH,ZYP,IGR,
CAH,ZYP,IGR,
CAJ,ZYP,IGR,
CAW,ZYP,IGR,
CAK,ZYP,IGR,
CAP,ZYP,IGR,
NAT,ZYP,IGR,
CAU,ZYP,IGR,
OAA,ZYP,IGR,
CAY,ZYP,IGR,
CAX,ZYP,IGR,
OAD,ZYP,IGR,
NAS,ZYP,IGR,
CBB,ZYP,IGR,
NAR,ZYP,IGR,
CAG,ZYP,IGR,
CAF,ZYP,IGR,
CAL,ZYP,IGR,
CBA,ZYP,IGR,
CAZ,ZYP,IGR,
NBC,ZYP,IGR,
CAO,ZYP,IGR,
CAM,ZYP,IGR,
CAN,ZYP,IGR,
CAQ,ZYP,IGR,
SBD,ZYP,IGR,
OAC,ZYP,IGR,
OAB,ZYP,IGR,
O3,X2P,IGR,
C12,X2P,IGR,
C11,X2P,IGR,
C10,X2P,IGR,
N2,X2P,IGR,
C9,X2P,IGR,
O2,X2P,IGR,
C17,X2P,IGR,
C15,X2P,IGR,
C16,X2P,IGR,
C14,X2P,IGR,
C13,X2P,IGR,
C8,X2P,IGR,
N1,X2P,IGR,
C5,X2P,IGR,
C3,X2P,IGR,
C4,X2P,IGR,
C,X2P,IGR,
C6,X2P,IGR,
O1,X2P,IGR,
C7,X2P,IGR,
O,X2P,IGR,
C,X2P,IGR,
C1,X2P,IGR,
O4,X2P,IGR,
N,X2P,IGR,
C18,X2P,IGR,
C19,X2P,IGR,
C20,X2P,IGR,
C21,X2P,IGR,
C22,X2P,IGR,
F,X2P,IGR,
C23,X2P,IGR,
CL,X2P,IGR,
C24,X2P,IGR,
CAA,ZYY,IGR,
CBB,ZYY,IGR,
CAB,ZYY,IGR,
NE,ZYY,IGR,
CAS,ZYY,IGR,
CAW,ZYY,IGR,
OAF,ZYY,IGR,
NG,ZYY,IGR,
CAQ,ZYY,IGR,
CBC,ZYY,IGR,
CAC,ZYY,IGR,
CAD,ZYY,IGR,
ND,ZYY,IGR,
SBH,ZYY,IGR,
OAH,ZYY,IGR,
OAI,ZYY,IGR,
CAE,ZYY,IGR,
CAX,ZYY,IGR,
CBA,ZYY,IGR,
CAV,ZYY,IGR,
CAZ,ZYY,IGR,
CAY,ZYY,IGR,
OAG,ZYY,IGR,
NAR,ZYY,IGR,
NF,ZYY,IGR,
CAP,ZYY,IGR,
CAU,ZYY,IGR,
CAN,ZYY,IGR,
CAL,ZYY,IGR,
CAO,ZYY,IGR,
CAM,ZYY,IGR,
CAT,ZYY,IGR,
FAK,ZYY,IGR,
CM,MRD,IGR,
C2,MRD,IGR,
O2,MRD,IGR,
C1,MRD,IGR,
C3,MRD,IGR,
C4,MRD,IGR,
O4,MRD,IGR,
C5,MRD,IGR,
OS,OS,IGR,
O8,BTB,IGR,
C8,BTB,IGR,
C7,BTB,IGR,
N,BTB,IGR,
C5,BTB,IGR,
C6,BTB,IGR,
O6,BTB,IGR,
C2,BTB,IGR,
C4,BTB,IGR,
O4,BTB,IGR,
C3,BTB,IGR,
O3,BTB,IGR,
C1,BTB,IGR,
O1,BTB,IGR,
S1,DTU,IGR,
C1,DTU,IGR,
C2,DTU,IGR,
O2,DTU,IGR,
C3,DTU,IGR,
O3,DTU,IGR,
C4,DTU,IGR,
S4,DTU,IGR,
C8,PG5,IGR,
O4,PG5,IGR,
C7,PG5,IGR,
C6,PG5,IGR,
O3,PG5,IGR,
C5,PG5,IGR,
C4,PG5,IGR,
O2,PG5,IGR,
C3,PG5,IGR,
C2,PG5,IGR,
O1,PG5,IGR,
C1,PG5,IGR,
CAA,RLT,IGR,
C20,7PE,IGR,
O19,7PE,IGR,
C18,7PE,IGR,
C17,7PE,IGR,
O16,7PE,IGR,
C15,7PE,IGR,
C14,7PE,IGR,
O13,7PE,IGR,
C12,7PE,IGR,
C11,7PE,IGR,
O10,7PE,IGR,
C9,7PE,IGR,
C8,7PE,IGR,
O7,7PE,IGR,
C6,7PE,IGR,
C5,7PE,IGR,
O4,7PE,IGR,
C3,7PE,IGR,
C2,7PE,IGR,
O1,7PE,IGR,
C1,1PG,IGR,
C2,1PG,IGR,
C3,1PG,IGR,
C4,1PG,IGR,
C5,1PG,IGR,
C6,1PG,IGR,
C7,1PG,IGR,
C8,1PG,IGR,
C9,1PG,IGR,
C10,1PG,IGR,
C11,1PG,IGR,
O1,1PG,IGR,
O2,1PG,IGR,
O3,1PG,IGR,
O4,1PG,IGR,
O5,1PG,IGR,
O6,1PG,IGR,
F,OG4,IGR,
CL,OG4,IGR,
C26,OG4,IGR,
C25,OG4,IGR,
C24,OG4,IGR,
C27,OG4,IGR,
C23,OG4,IGR,
C22,OG4,IGR,
C21,OG4,IGR,
N,OG4,IGR,
C,OG4,IGR,
C4,OG4,IGR,
C1,OG4,IGR,
O5,OG4,IGR,
C3,OG4,IGR,
C2,OG4,IGR,
C7,OG4,IGR,
O,OG4,IGR,
C6,OG4,IGR,
O1,OG4,IGR,
N1,OG4,IGR,
C5,OG4,IGR,
C9,OG4,IGR,
O2,OG4,IGR,
N2,OG4,IGR,
C8,OG4,IGR,
C19,OG4,IGR,
C20,OG4,IGR,
C18,OG4,IGR,
C17,OG4,IGR,
C16,OG4,IGR,
C10,OG4,IGR,
C11,OG4,IGR,
N3,OG4,IGR,
C15,OG4,IGR,
O3,OG4,IGR,
C14,OG4,IGR,
C13,OG4,IGR,
C12,OG4,IGR,
O4,OG4,IGR,
N1,RSK,IGR,
C1,RFP,IGR,
C16,4RT,IGR,
C13,4RT,IGR,
C12,4RT,IGR,
C11,4RT,IGR,
C8,4RT,IGR,
N2,4RT,IGR,
C15,4RT,IGR,
O3,4RT,IGR,
C10,4RT,IGR,
C9,4RT,IGR,
O2,4RT,IGR,
C5,4RT,IGR,
N1,4RT,IGR,
C6,4RT,IGR,
O1,4RT,IGR,
C7,4RT,IGR,
O,4RT,IGR,
C2,4RT,IGR,
C3,4RT,IGR,
C4,4RT,IGR,
C,4RT,IGR,
N,4RT,IGR,
C1,4RT,IGR,
O4,4RT,IGR,
C17,4RT,IGR,
C18,4RT,IGR,
C19,4RT,IGR,
C20,4RT,IGR,
C21,4RT,IGR,
F,4RT,IGR,
C22,4RT,IGR,
C23,4RT,IGR,
CL,4RT,IGR,
HAH,ZZV,IGR,
CAH,ZZV,IGR,
CAI,ZZV,IGR,
NAQ,ZZV,IGR,
CAZ,ZZV,IGR,
CAY,ZZV,IGR,
CAN,ZZV,IGR,
CAX,ZZV,IGR,
NBA,ZZV,IGR,
CAA,ZZV,IGR,
SBC,ZZV,IGR,
OAD,ZZV,IGR,
OAE,ZZV,IGR,
CAB,ZZV,IGR,
CAU,ZZV,IGR,
OAF,ZZV,IGR,
CAV,ZZV,IGR,
CAR,ZZV,IGR,
OAC,ZZV,IGR,
CAP,ZZV,IGR,
NBB,ZZV,IGR,
CAO,ZZV,IGR,
CAT,ZZV,IGR,
CAM,ZZV,IGR,
CAK,ZZV,IGR,
CAL,ZZV,IGR,
CAJ,ZZV,IGR,
CAS,ZZV,IGR,
FAG,ZZV,IGR,
C1',ADZ,IGR,
N9,ADZ,IGR,
C8,ADZ,IGR,
N7,ADZ,IGR,
C5,ADZ,IGR,
C6,ADZ,IGR,
N6,ADZ,IGR,
N1,ADZ,IGR,
C2,ADZ,IGR,
N3,ADZ,IGR,
C4,ADZ,IGR,
HAH,BF3,IGR,
CAH,BF3,IGR,
CAG,BF3,IGR,
CAJ,BF3,IGR,
CAQ,BF3,IGR,
CAP,BF3,IGR,
CAO,BF3,IGR,
CLA,BF3,IGR,
FAE,BF3,IGR,
CAL,BF3,IGR,
NAV,BF3,IGR,
CAR,BF3,IGR,
OAA,BF3,IGR,
CAT,BF3,IGR,
CAU,BF3,IGR,
CAS,BF3,IGR,
OAB,BF3,IGR,
CAN,BF3,IGR,
OAD,BF3,IGR,
CAM,BF3,IGR,
OAC,BF3,IGR,
CAI,BF3,IGR,
CAK,BF3,IGR,
OUY,FAH,IGR,
S,SCN,IGR,
C,SCN,IGR,
N,SCN,IGR,
F8,XZ4,IGR,
F9,XZ4,IGR,
C28,XZ4,IGR,
O37,XZ4,IGR,
O36,XZ4,IGR,
O12,XZ4,IGR,
O19,XZ4,IGR,
O21,XZ4,IGR,
O27,XZ4,IGR,
N23,XZ4,IGR,
N32,XZ4,IGR,
N10,XZ4,IGR,
08T,PA,IGR,
08T,PA,IGR,
NE,ZYO,IGR,
CAA,ELV,IGR,
CAA,DLU,IGR,
OAA,ZZW,IGR,
C1,MLI,IGR,
C1,BTB,IGR,
C1,8G1,IGR,
NAA,XXJ,IGR,
OAA,19C,IGR,
CAA,RLT,IGR,
C1,ET,IGR,
CL,CIJ,IGR,
C5,OTS,IGR,
C4,OTS,IGR,
C3,OTS,IGR,
C2,OTS,IGR,
O4,OTS,IGR,
O2,URA,IGR,
C2,URA,IGR,
N3,URA,IGR,
N1,URA,IGR,
C6,URA,IGR,
C4,URA,IGR,
C5,URA,IGR,
O4,URA,IGR,
CAC,M4A,IGR,
CAD,M4A,IGR,
CAF,M4A,IGR,
CAE,M4A,IGR,
CAK,M4A,IGR,
NAH,M4A,IGR,
CAL,M4A,IGR,
CAJ,M4A,IGR,
NAB,M4A,IGR,
CAG,M4A,IGR,
CAI,M4A,IGR,
CAA,M4A,IGR,
O4,2KH,IGR,
C4,2KH,IGR,
C5,2KH,IGR,
N3,2KH,IGR,
C2,2KH,IGR,
O2,2KH,IGR,
C6,2KH,IGR,
N1,2KH,IGR,
C1',2KH,IGR,
O2',2KH,IGR,
C2',2KH,IGR,
O4',2KH,IGR,
C4',2KH,IGR,
C3',2KH,IGR,
O3',2KH,IGR,
C5',2KH,IGR,
O5',2KH,IGR,
PA,2KH,IGR,
O1A,2KH,IGR,
O2A,2KH,IGR,
N3A,2KH,IGR,
O2B,2KH,IGR,
PB,2KH,IGR,
O1B,2KH,IGR,
O3B,2KH,IGR,
PG,2KH,IGR,
O1G,2KH,IGR,
O2G,2KH,IGR,
O3G,2KH,IGR,
O,FP9,IGR,
OXT,FP9,IGR,
C,FP9,IGR,
CA,FP9,IGR,
N,FP9,IGR,
CD,FP9,IGR,
CG,FP9,IGR,
CB,FP9,IGR,
FD,FP9,IGR,
CM3,M3L,IGR,
CM1,M3L,IGR,
NZ,M3L,IGR,
CM2,M3L,IGR,
CE,M3L,IGR,
CD,M3L,IGR,
CG,M3L,IGR,
CB,M3L,IGR,
CA,M3L,IGR,
N,M3L,IGR,
C,M3L,IGR,
O,M3L,IGR,
OXT,M3L,IGR,
O3G,STP,IGR,
O,AYA,IGR,
OXT,AYA,IGR,
C,AYA,IGR,
CA,AYA,IGR,
CB,AYA,IGR,
N,AYA,IGR,
CT,AYA,IGR,
CM,AYA,IGR,
OT,AYA,IGR,
OP1,G,IGR,
OP3,G,IGR,
OP2,G,IGR,
P,G,IGR,
O5',G,IGR,
C5',G,IGR,
C4',G,IGR,
O4',G,IGR,
C3',G,IGR,
O3',G,IGR,
C3',G,IGR,
C2',G,IGR,
C1',G,IGR,
N9,G,IGR,
C4,G,IGR,
C8,G,IGR,
N7,G,IGR,
C5,G,IGR,
N3,G,IGR,
C2,G,IGR,
N2,G,IGR,
N1,G,IGR,
C6,G,IGR,
O6,G,IGR,
N6,DAD,IGR,
C6,DAD,IGR,
N1,DAD,IGR,
C2,DAD,IGR,
N3,DAD,IGR,
C4,DAD,IGR,
C5,DAD,IGR,
N7,DAD,IGR,
C8,DAD,IGR,
N9,DAD,IGR,
C1',DAD,IGR,
C2',DAD,IGR,
C3',DAD,IGR,
C4',DAD,IGR,
O4',DAD,IGR,
C5',DAD,IGR,
O5',DAD,IGR,
PA,DAD,IGR,
O1A,DAD,IGR,
O2A,DAD,IGR,
O3A,DAD,IGR,
PB,DAD,IGR,
O1B,DAD,IGR,
O2B,DAD,IGR,
O3B,DAD,IGR,
O3G,DAD,IGR,
PG,DAD,IGR,
O1G,DAD,IGR,
O2G,DAD,IGR,
O,ILX,IGR,
C,ILX,IGR,
OXT,ILX,IGR,
CA,ILX,IGR,
N,ILX,IGR,
CB,ILX,IGR,
CG2,ILX,IGR,
CG1,ILX,IGR,
OG1,ILX,IGR,
CD1,ILX,IGR,
OD1,ILX,IGR,
N3,AGS,IGR,
O,ETF,IGR,
C2,ETF,IGR,
C1,ETF,IGR,
F3,ETF,IGR,
F2,ETF,IGR,
F1,ETF,IGR,
C6,GKS,IGR,
O6,GKS,IGR,
N1,GKS,IGR,
C5,GKS,IGR,
C4,GKS,IGR,
N3,GKS,IGR,
C2,GKS,IGR,
N2,GKS,IGR,
N7,GKS,IGR,
C8,GKS,IGR,
O8,GKS,IGR,
C9,GKS,IGR,
C1',GKS,IGR,
O4',GKS,IGR,
C4',GKS,IGR,
C3',GKS,IGR,
O3',GKS,IGR,
C2',GKS,IGR,
C5',GKS,IGR,
O5',GKS,IGR,
PA,GKS,IGR,
O2A,GKS,IGR,
O1A,GKS,IGR,
O3A,GKS,IGR,
O2B,GKS,IGR,
PB,GKS,IGR,
O1B,GKS,IGR,
O3B,GKS,IGR,
PG,GKS,IGR,
O3G,GKS,IGR,
O1G,GKS,IGR,
O2G,GKS,IGR,
C10,PUY,IGR,
C9,PUY,IGR,
N6,PUY,IGR,
C6,PUY,IGR,
N1,PUY,IGR,
C2,PUY,IGR,
N3,PUY,IGR,
C4,PUY,IGR,
C5,PUY,IGR,
N7,PUY,IGR,
C8,PUY,IGR,
N9,PUY,IGR,
C1',PUY,IGR,
C2',PUY,IGR,
C3',PUY,IGR,
C4',PUY,IGR,
C5',PUY,IGR,
O5',PUY,IGR,
O2',PUY,IGR,
N3',PUY,IGR,
C,PUY,IGR,
O,PUY,IGR,
CA,PUY,IGR,
N,PUY,IGR,
CB,PUY,IGR,
CG,PUY,IGR,
CD2,PUY,IGR,
CG,PUY,IGR,
CD1,PUY,IGR,
CE1,PUY,IGR,
CZ,PUY,IGR,
CE2,PUY,IGR,
OM,PUY,IGR,
CMZ,PUY,IGR,
O3,P1A,IGR,
O2,P1A,IGR,
C3,P1A,IGR,
C2,P1A,IGR,
C1,P1A,IGR,
C10,P1A,IGR,
C5,P1A,IGR,
C4,P1A,IGR,
C6,P1A,IGR,
C7,P1A,IGR,
C8,P1A,IGR,
O6,P1A,IGR,
C19,P1A,IGR,
C9,P1A,IGR,
C11,P1A,IGR,
C12,P1A,IGR,
C13,P1A,IGR,
C14,P1A,IGR,
O14,P1A,IGR,
C15,P1A,IGR,
C16,P1A,IGR,
C17,P1A,IGR,
C18,P1A,IGR,
C20,P1A,IGR,
C21,P1A,IGR,
O20,P1A,IGR,
C22,P1A,IGR,
O22,P1A,IGR,
C23,P1A,IGR,
C24,P1A,IGR,
C25,P1A,IGR,
C27,P1A,IGR,
C26,P1A,IGR,
N6A,NAD,IGR,
C6A,NAD,IGR,
N1A,NAD,IGR,
C2A,NAD,IGR,
N3A,NAD,IGR,
C4A,NAD,IGR,
C5A,NAD,IGR,
N7A,NAD,IGR,
C8A,NAD,IGR,
N9A,NAD,IGR,
C1B,NAD,IGR,
O4B,NAD,IGR,
C4B,NAD,IGR,
C3B,NAD,IGR,
O3B,NAD,IGR,
C2B,NAD,IGR,
O2B,NAD,IGR,
C5B,NAD,IGR,
O5B,NAD,IGR,
O1A,NAD,IGR,
PA,NAD,IGR,
O2A,NAD,IGR,
O3,NAD,IGR,
O1N,NAD,IGR,
PN,NAD,IGR,
O2N,NAD,IGR,
O5D,NAD,IGR,
C5D,NAD,IGR,
C4D,NAD,IGR,
C3D,NAD,IGR,
O3D,NAD,IGR,
C2D,NAD,IGR,
O2D,NAD,IGR,
C1D,NAD,IGR,
O4D,NAD,IGR,
N1N,NAD,IGR,
C6N,NAD,IGR,
C5N,NAD,IGR,
C4N,NAD,IGR,
C3N,NAD,IGR,
C2N,NAD,IGR,
C7N,NAD,IGR,
O7N,NAD,IGR,
N7N,NAD,IGR,
C4A,118,IGR,
C5A,118,IGR,
C6A,118,IGR,
C1A,118,IGR,
C2A,118,IGR,
C3A,118,IGR,
SB,118,IGR,
C1B,118,IGR,
C6B,118,IGR,
C5B,118,IGR,
C4B,118,IGR,
C3B,118,IGR,
C2B,118,IGR,
C1D,118,IGR,
C6D,118,IGR,
C2D,118,IGR,
C3D,118,IGR,
C4D,118,IGR,
C5D,118,IGR,
C1C,118,IGR,
C6C,118,IGR,
C5C,118,IGR,
C4C,118,IGR,
C3C,118,IGR,
C2C,118,IGR,
OP2,GDO,IGR,
OP3,GDO,IGR,
OP1,GDO,IGR,
O5',GDO,IGR,
P,GDO,IGR,
C5',GDO,IGR,
C4',GDO,IGR,
O4',GDO,IGR,
C1',GDO,IGR,
C2',GDO,IGR,
C3',GDO,IGR,
O2',GDO,IGR,
N9,GDO,IGR,
C4,GDO,IGR,
C8,GDO,IGR,
N7,GDO,IGR,
C5,GDO,IGR,
N3,GDO,IGR,
C6,GDO,IGR,
N1,GDO,IGR,
C2,GDO,IGR,
N2,GDO,IGR,
O6,GDO,IGR,
O4,TTE,IGR,
C4,TTE,IGR,
C5,TTE,IGR,
C6,TTE,IGR,
N1,TTE,IGR,
C2,TTE,IGR,
N3,TTE,IGR,
C5M,TTE,IGR,
O2,TTE,IGR,
C1',TTE,IGR,
C2',TTE,IGR,
C3',TTE,IGR,
C4',TTE,IGR,
O4',TTE,IGR,
O3',TTE,IGR,
C5',TTE,IGR,
O5',TTE,IGR,
O2A,TTE,IGR,
PA,TTE,IGR,
O1A,TTE,IGR,
O3A,TTE,IGR,
PB,TTE,IGR,
O2B,TTE,IGR,
O1B,TTE,IGR,
CC,TTE,IGR,
PG,TTE,IGR,
O1G,TTE,IGR,
O2G,TTE,IGR,
O3G,TTE,IGR,
C4C,P4P,IGR,
C3C,P4P,IGR,
C2C,P4P,IGR,
C1C,P4P,IGR,
C6C,P4P,IGR,
C5C,P4P,IGR,
P,P4P,IGR,
C1A,P4P,IGR,
C2A,P4P,IGR,
C3A,P4P,IGR,
C4A,P4P,IGR,
C5A,P4P,IGR,
C6A,P4P,IGR,
C1D,P4P,IGR,
C2D,P4P,IGR,
C3D,P4P,IGR,
C4D,P4P,IGR,
C5D,P4P,IGR,
C6D,P4P,IGR,
C1B,P4P,IGR,
C2B,P4P,IGR,
C3B,P4P,IGR,
C4B,P4P,IGR,
C5B,P4P,IGR,
C6B,P4P,IGR,
O2,POP,IGR,
O1,POP,IGR,
O3,POP,IGR,
O,POP,IGR,
P1,POP,IGR,
P2,POP,IGR,
O4,POP,IGR,
O5,POP,IGR,
O6,POP,IGR,
OAD,1FQ,IGR,
CAR,1FQ,IGR,
OAB,1FQ,IGR,
CAS,1FQ,IGR,
OAE,1FQ,IGR,
CAI,1FQ,IGR,
CAQ,1FQ,IGR,
OAA,1FQ,IGR,
CAG,1FQ,IGR,
CAH,1FQ,IGR,
HAH,1FQ,IGR,
CAV,1FQ,IGR,
NAP,1FQ,IGR,
CAO,1FQ,IGR,
CAX,1FQ,IGR,
CAN,1FQ,IGR,
CAT,1FQ,IGR,
CAW,1FQ,IGR,
CAM,1FQ,IGR,
CAK,1FQ,IGR,
CAU,1FQ,IGR,
FAF,1FQ,IGR,
CAJ,1FQ,IGR,
CAL,1FQ,IGR,
OAC,1FQ,IGR,
C2,RAX,IGR,
C1,RAX,IGR,
C3,RAX,IGR,
C10,RAX,IGR,
C9,RAX,IGR,
P1,RAX,IGR,
C5,RAX,IGR,
OL2,RAX,IGR,
C4,RAX,IGR,
CL1,RAX,IGR,
O20,RAX,IGR,
C18,RAX,IGR,
C16,RAX,IGR,
N2,RAX,IGR,
C19,RAX,IGR,
N1,RAX,IGR,
C2,RAX,IGR,
C17,RAX,IGR,
N3,RAX,IGR,
O5',DUP,IGR,
N6,ADI,IGR,
C6,ADI,IGR,
N1,ADI,IGR,
C2,ADI,IGR,
N3,ADI,IGR,
C4,ADI,IGR,
C5,ADI,IGR,
N7,ADI,IGR,
C8,ADI,IGR,
N9,ADI,IGR,
C1',ADI,IGR,
C2',ADI,IGR,
C3',ADI,IGR,
C4',ADI,IGR,
O4',ADI,IGR,
C5',ADI,IGR,
O5',ADI,IGR,
PA,ADI,IGR,
O2A,ADI,IGR,
O1A,ADI,IGR,
O3A,ADI,IGR,
PB,ADI,IGR,
O1B,ADI,IGR,
O3B,ADI,IGR,
O2B,ADI,IGR,
O1,9CR,IGR,
O2,9CR,IGR,
C15,9CR,IGR,
C14,9CR,IGR,
C13,9CR,IGR,
C20,9CR,IGR,
C12,9CR,IGR,
C11,9CR,IGR,
C10,9CR,IGR,
C9,9CR,IGR,
C19,9CR,IGR,
C8,9CR,IGR,
C7,9CR,IGR,
C6,9CR,IGR,
C5,9CR,IGR,
C4,9CR,IGR,
C18,9CR,IGR,
C3,9CR,IGR,
C2,9CR,IGR,
C1,9CR,IGR,
C17,9CR,IGR,
C16,9CR,IGR,
CH3,KCR,IGR,
CY,KCR,IGR,
CX,KCR,IGR,
CH,KCR,IGR,
OH,KCR,IGR,
NZ,KCR,IGR,
CE,KCR,IGR,
CD,KCR,IGR,
CG,KCR,IGR,
CB,KCR,IGR,
CA,KCR,IGR,
N,KCR,IGR,
C,KCR,IGR,
O,KCR,IGR,
O1,KCR,IGR,
O4,TLA,IGR,
C4,TLA,IGR,
O41,TLA,IGR,
C3,TLA,IGR,
O3,TLA,IGR,
C2,TLA,IGR,
O2,TLA,IGR,
C1,TLA,IGR,
O1,TLA,IGR,
O11,TLA,IGR,
OE2,MHF,IGR,
OE1,MHF,IGR,
CD,MHF,IGR,
CG,MHF,IGR,
CB,MHF,IGR,
CA,MHF,IGR,
CT,MHF,IGR,
O2,MHF,IGR,
O1,MHF,IGR,
N,MHF,IGR,
C,MHF,IGR,
O,MHF,IGR,
C12,MHF,IGR,
C13,MHF,IGR,
C14,MHF,IGR,
C15,MHF,IGR,
C16,MHF,IGR,
C17,MHF,IGR,
N10,MHF,IGR,
C11,MHF,IGR,
N5,MHF,IGR,
C6,MHF,IGR,
C9,MHF,IGR,
C7,MHF,IGR,
N8,MHF,IGR,
C4A,MHF,IGR,
C8A,MHF,IGR,
N1,MHF,IGR,
C2,MHF,IGR,
N3,MHF,IGR,
C4,MHF,IGR,
O4,MHF,IGR,
NA2,MHF,IGR,
BR,BRG,IGR,
C8,BRG,IGR,
N9,BRG,IGR,
C4,BRG,IGR,
C5,BRG,IGR,
N7,BRG,IGR,
C6,BRG,IGR,
O6,BRG,IGR,
N1,BRG,IGR,
C2,BRG,IGR,
N3,BRG,IGR,
N2,BRG,IGR,
O6,GDP,IGR,
C6,GDP,IGR,
N1,GDP,IGR,
C2,GDP,IGR,
N2,GDP,IGR,
N3,GDP,IGR,
C4,GDP,IGR,
C5,GDP,IGR,
N7,GDP,IGR,
C8,GDP,IGR,
N9,GDP,IGR,
C1',GDP,IGR,
O4',GDP,IGR,
C4',GDP,IGR,
C3',GDP,IGR,
C2',GDP,IGR,
O2',GDP,IGR,
O3',GDP,IGR,
C5',GDP,IGR,
O5',GDP,IGR,
PA,GDP,IGR,
O1A,GDP,IGR,
O2A,GDP,IGR,
O3A,GDP,IGR,
PB,GDP,IGR,
O3B,GDP,IGR,
O2B,GDP,IGR,
O1B,GDP,IGR,
N4,CYT,IGR,
C4,CYT,IGR,
C5,CYT,IGR,
C6,CYT,IGR,
N1,CYT,IGR,
C2,CYT,IGR,
N3,CYT,IGR,
O2,CYT,IGR,
CLD,AEV,IGR,
CAR,AEV,IGR,
CAI,AEV,IGR,
CAK,AEV,IGR,
CAY,AEV,IGR,
CAZ,AEV,IGR,
CAT,AEV,IGR,
CLE,AEV,IGR,
NAL,AEV,IGR,
CAV,AEV,IGR,
NAN,AEV,IGR,
NBB,AEV,IGR,
CAS,AEV,IGR,
CAX,AEV,IGR,
CAQ,AEV,IGR,
NAM,AEV,IGR,
CAA,AEV,IGR,
CBA,AEV,IGR,
CAW,AEV,IGR,
CAU,AEV,IGR,
CAP,AEV,IGR,
OAB,AEV,IGR,
OAO,AEV,IGR,
CAJ,AEV,IGR,
CAH,AEV,IGR,
CAG,AEV,IGR,
CAF,AEV,IGR,
N4,GTF,IGR,
C4,GTF,IGR,
C5,GTF,IGR,
C6,GTF,IGR,
N1,GTF,IGR,
C2,GTF,IGR,
N3,GTF,IGR,
O2,GTF,IGR,
C1',GTF,IGR,
O4',GTF,IGR,
C4',GTF,IGR,
C3',GTF,IGR,
C2',GTF,IGR,
F2,GTF,IGR,
F1,GTF,IGR,
O3',GTF,IGR,
C5',GTF,IGR,
O5',GTF,IGR,
PA,GTF,IGR,
O2A,GTF,IGR,
O1A,GTF,IGR,
O3A,GTF,IGR,
PB,GTF,IGR,
O2B,GTF,IGR,
O1B,GTF,IGR,
O3B,GTF,IGR,
PG,GTF,IGR,
O3G,GTF,IGR,
O2G,GTF,IGR,
O1G,GTF,IGR,
S4,DTV,IGR,
C4,DTV,IGR,
C3,DTV,IGR,
O3,DTV,IGR,
C2,DTV,IGR,
O2,DTV,IGR,
C1,DTV,IGR,
S1,DTV,IGR,
C16,PE4,IGR,
C15,PE4,IGR,
O8,PE4,IGR,
C14,PE4,IGR,
C13,PE4,IGR,
O7,PE4,IGR,
C12,PE4,IGR,
C11,PE4,IGR,
O6,PE4,IGR,
C10,PE4,IGR,
C9,PE4,IGR,
O5,PE4,IGR,
C8,PE4,IGR,
C7,PE4,IGR,
O4,PE4,IGR,
C6,PE4,IGR,
C5,PE4,IGR,
O3,PE4,IGR,
C4,PE4,IGR,
C3,PE4,IGR,
O2,PE4,IGR,
C2,PE4,IGR,
C1,PE4,IGR,
O1,PE4,IGR,
OP3,DG,IGR,
OP1,DG,IGR,
P,DG,IGR,
OP2,DG,IGR,
O5',DG,IGR,
C5',DG,IGR,
C4',DG,IGR,
C3',DG,IGR,
O3',DG,IGR,
C2',DG,IGR,
C1',DG,IGR,
O4',DG,IGR,
N9,DG,IGR,
C4,DG,IGR,
C5,DG,IGR,
N7,DG,IGR,
C8,DG,IGR,
C6,DG,IGR,
O6,DG,IGR,
N1,DG,IGR,
C2,DG,IGR,
N3,DG,IGR,
N2,DG,IGR,
OP3,DC,IGR,
OP2,DC,IGR,
O5',DC,IGR,
OP1,DC,IGR,
P,DC,IGR,
C5',DC,IGR,
C4',DC,IGR,
C3',DC,IGR,
C2',DC,IGR,
C1',DC,IGR,
O4',DC,IGR,
O3',DC,IGR,
N1,DC,IGR,
C6,DC,IGR,
C5,DC,IGR,
C4,DC,IGR,
N4,DC,IGR,
N3,DC,IGR,
C2,DC,IGR,
O2,DC,IGR,
CH3,ALY,IGR,
CH,ALY,IGR,
OH,ALY,IGR,
NZ,ALY,IGR,
CE,ALY,IGR,
CD,ALY,IGR,
CG,ALY,IGR,
CB,ALY,IGR,
CA,ALY,IGR,
N,ALY,IGR,
C,ALY,IGR,
OXT,ALY,IGR,
O,ALY,IGR,
NAD,EDN,IGR,
CAC,EDN,IGR,
CAB,EDN,IGR,
NAA,EDN,IGR,
O14,HHZ,IGR,
C17,HHZ,IGR,
C16,HHZ,IGR,
O13,HHZ,IGR,
C15,HHZ,IGR,
C14,HHZ,IGR,
O12,HHZ,IGR,
N4,HHZ,IGR,
C13,HHZ,IGR,
C12,HHZ,IGR,
C11,HHZ,IGR,
C2,HHZ,IGR,
C1,HHZ,IGR,
C9,HHZ,IGR,
N1,HHZ,IGR,
C3,HHZ,IGR,
N2,HHZ,IGR,
C10,HHZ,IGR,
N3,HHZ,IGR,
C,HHZ,IGR,
N,HHZ,IGR,
C4,HHZ,IGR,
C5,HHZ,IGR,
C6,HHZ,IGR,
O,HHZ,IGR,
C7,HHZ,IGR,
O11,HHZ,IGR,
C8,HHZ,IGR,
O1,HHZ,IGR,
P,HHZ,IGR,
O2,HHZ,IGR,
O3,HHZ,IGR,
O4,HHZ,IGR,
P1,HHZ,IGR,
O7,HHZ,IGR,
O6,HHZ,IGR,
O5,HHZ,IGR,
P2,HHZ,IGR,
O8,HHZ,IGR,
O10,HHZ,IGR,
O9,HHZ,IGR,
C9A,HRU,IGR,
C8A,HRU,IGR,
C10A,HRU,IGR,
C5A,HRU,IGR,
C6A,HRU,IGR,
C7A,HRU,IGR,
C2A,HRU,IGR,
C3A,HRU,IGR,
C4A,HRU,IGR,
C2B,HRU,IGR,
C3B,HRU,IGR,
RU1,HRU,IGR,
N1B,HRU,IGR,
N4B,HRU,IGR,
C1A,HRU,IGR,
C2,PIV,IGR,
CT,PIV,IGR,
C1,PIV,IGR,
C3,PIV,IGR,
C,PIV,IGR,
O1,PIV,IGR,
O2,PIV,IGR,
C10,RU7,IGR,
C9,RU7,IGR,
C8,RU7,IGR,
C4,RU7,IGR,
C3,RU7,IGR,
C2,RU7,IGR,
C1,RU7,IGR,
C7,RU7,IGR,
C6,RU7,IGR,
C5,RU7,IGR,
CL1,RU7,IGR,
CL2,RU7,IGR,
RU1,RU7,IGR,
CE,NLE,IGR,
CD,NLE,IGR,
CG,NLE,IGR,
CB,NLE,IGR,
CA,NLE,IGR,
N,NLE,IGR,
C,NLE,IGR,
O,NLE,IGR,
OXT,NLE,IGR,
N,NH2,IGR
O6,GDO,IGR,
C6,GKS,IGR,
RU,RAX,IGR,
C2,ELJ,IGR,
CAB,ELV,IGR,
O5',GMP,IGR,
N1,COD,IGR,
CAA,ZYN,IGR,
O2',G,IGR,
C1,MML,IGR,
O4',PUY,IGR,
CAS,AE7,IGR,
C02,C0L,IGR,
C2,ET,IGR,
CAB,RLT,IGR,
NF,ZYO,IGR,
OAJ,ZYY,IGR,
OAB,ZZW,IGR,
N01,1SY,IGR,
PA,UTP,IGR,
N,NO3,IGR,
F,8G4,IGR,
C2,OTR,IGR,
OAB,XXJ,IGR,
PA,DDY,IGR,
PG,3AT,IGR,
N1,RHQ,IGR,
O37,965,IGR,
OAB,DLU,IGR,
PA,08T,IGR,
C21,7PE,IGR,
OAA,CIJ,IGR,
C2,MLI,IGR,
CAW,ZZV,IGR,
OAB,DLU,IGR,
CAJ,A9Y,IGR,
N,TRX,IGR,
O1,UNL,IGR,
OAB,19C,IGR,
C3,AES,IGR,
C1,REA,IGR,
CAB,RLT,IGR,
C24,FI8,IGR,
C14,4RT,IGR,
C2,OTR,IGR,
CAB,ELV,IGR,
C1,BXL,IGR,
N,TRX,IGR,
FAH,OUY,IGR,
C8,RSK,IGR,
OAC,AEV,IGR,
C1,OOA,IGR,
PA,08T,IGR,
C7,XZ4,IGR,
C21,7PE,IGR,
C2,8G1,IGR,
O3',ACP,IGR