N,VAL,N-VAL,
CA,VAL,CA-VAL,
C,VAL,C-VAL,
O,VAL,O-VAL,
CB,VAL,CB-VAL,
CG1,VAL,CG1-VAL,
CG2,VAL,CG2-VAL,
N,GLY,N-GLY,
CA,GLY,CA-GLY,
C,GLY,C-GLY,
O,GLY,O-GLY,
N,GLN,N-GLN,
CA,GLN,CA-GLN,
C,GLN,C-GLN,
O,GLN,O-GLN,
CB,GLN,CB-GLN,
CG,GLN,CG-GLN,
CD,GLN,CD-GLN,
OE1,GLN,OE1-GLN,
NE2,GLN,NE2-GLN,
N,TYR,N-TYR,
CA,TYR,CA-TYR,
C,TYR,C-TYR,
O,TYR,O-TYR,
CB,TYR,CB-TYR,
CG,TYR,CG-TYR,
CD1,TYR,CD1-TYR,
CD2,TYR,CD2-TYR,
CE1,TYR,CE1-TYR,
CE2,TYR,CE2-TYR,
CZ,TYR,CZ-TYR,
OH,TYR,OH-TYR,
OXT,TYR,OXT-TYR,
N,SER,N-SER,
CA,SER,CA-SER,
C,SER,C-SER,
O,SER,O-SER,
CB,SER,CB-SER,
OG,SER,OG-SER,
N,ALA,N-ALA,
CA,ALA,CA-ALA,
C,ALA,C-ALA,
O,ALA,O-ALA,
CB,ALA,CB-ALA,
N,PRO,N-PRO,
CA,PRO,CA-PRO,
C,PRO,C-PRO,
O,PRO,O-PRO,
CB,PRO,CB-PRO,
CG,PRO,CG-PRO,
CD,PRO,CD-PRO,
N,LEU,N-LEU,
CA,LEU,CA-LEU,
C,LEU,C-LEU,
O,LEU,O-LEU,
CB,LEU,CB-LEU,
CG,LEU,CG-LEU,
CD1,LEU,CD1-LEU,
CD2,LEU,CD2-LEU,
OXT,LEU,OXT-LEU,
N,ARG,N-ARG,
CA,ARG,CA-ARG,
C,ARG,C-ARG,
O,ARG,O-ARG,
CB,ARG,CB-ARG,
CG,ARG,CG-ARG,
CD,ARG,CD-ARG,
NE,ARG,NE-ARG,
CZ,ARG,CZ-ARG,
NH1,ARG,NH1-ARG,
NH2,ARG,NH2-ARG,
OXT,ARG,OXT-ARG,
N,THR,N-THR,
CA,THR,CA-THR,
C,THR,C-THR,
O,THR,O-THR,
CB,THR,CB-THR,
OG1,THR,OG1-THR,
CG2,THR,CG2-THR,
N,LYS,N-LYS,
CA,LYS,CA-LYS,
C,LYS,C-LYS,
O,LYS,O-LYS,
CB,LYS,CB-LYS,
CG,LYS,CG-LYS,
CD,LYS,CD-LYS,
CE,LYS,CE-LYS,
NZ,LYS,NZ-LYS,
N,GLU,N-GLU,
CA,GLU,CA-GLU,
C,GLU,C-GLU,
O,GLU,O-GLU,
CB,GLU,CB-GLU,
CG,GLU,CG-GLU,
CD,GLU,CD-GLU,
OE1,GLU,OE1-GLU,
OE2,GLU,OE2-GLU,
N,PHE,N-PHE,
CA,PHE,CA-PHE,
C,PHE,C-PHE,
O,PHE,O-PHE,
CB,PHE,CB-PHE,
CG,PHE,CG-PHE,
CD1,PHE,CD1-PHE,
CD2,PHE,CD2-PHE,
CE1,PHE,CE1-PHE,
CE2,PHE,CE2-PHE,
CZ,PHE,CZ-PHE,
N,ILE,N-ILE,
CA,ILE,CA-ILE,
C,ILE,C-ILE,
O,ILE,O-ILE,
CB,ILE,CB-ILE,
CG1,ILE,CG1-ILE,
CG2,ILE,CG2-ILE,
CD1,ILE,CD1-ILE,
OXT,ILE,OXT-ILE,
N,MET,N-MET,
CA,MET,CA-MET,
C,MET,C-MET,
O,MET,O-MET,
CB,MET,CB-MET,
CG,MET,CG-MET,
SD,MET,SD-MET,
CE,MET,CE-MET,
OXT,MET,OXT-MET,
N,ASP,N-ASP,
CA,ASP,CA-ASP,
C,ASP,C-ASP,
O,ASP,O-ASP,
CB,ASP,CB-ASP,
CG,ASP,CG-ASP,
OD1,ASP,OD1-ASP,
OD2,ASP,OD2-ASP,
N,ASN,N-ASN,
CA,ASN,CA-ASN,
C,ASN,C-ASN,
O,ASN,O-ASN,
CB,ASN,CB-ASN,
CG,ASN,CG-ASN,
OD1,ASN,OD1-ASN,
ND2,ASN,ND2-ASN,
N,CYS,N-CYS,
CA,CYS,CA-CYS,
C,CYS,C-CYS,
O,CYS,O-CYS,
CB,CYS,CB-CYS,
SG,CYS,SG-CYS,
N,HIS,N-HIS,
CA,HIS,CA-HIS,
C,HIS,C-HIS,
O,HIS,O-HIS,
CB,HIS,CB-HIS,
CG,HIS,CG-HIS,
ND1,HIS,ND1-HIS,
CD2,HIS,CD2-HIS,
CE1,HIS,CE1-HIS,
NE2,HIS,NE2-HIS,
N,TRP,N-TRP,
CA,TRP,CA-TRP,
C,TRP,C-TRP,
O,TRP,O-TRP,
CB,TRP,CB-TRP,
CG,TRP,CG-TRP,
CD1,TRP,CD1-TRP,
CD2,TRP,CD2-TRP,
NE1,TRP,NE1-TRP,
CE2,TRP,CE2-TRP,
CE3,TRP,CE3-TRP,
CZ2,TRP,CZ2-TRP,
CZ3,TRP,CZ3-TRP,
CH2,TRP,CH2-TRP,
